date,full_name,subscribers_count,stargazers_count,forks_count,size,contributors,views,unique_views,clones,unique_clones,open_issues,closed_issues,open_pr,merged_pr,closed_pr
2021-08-23,3cpt/3cpt.github.io,1,0,0,32,2,4,1,1,1,0,0,0,0,0
2021-08-23,3cpt/adidas.github.io,0,0,0,7251,3,0,0,0,0,0,0,0,0,0
2021-08-23,3cpt/AndBotBlogger,1,0,0,469,2,5,1,1,1,0,0,0,0,0
2021-08-23,3cpt/andgearbest,2,3,1,77,2,12,2,1,1,1,1,2,4,3
2021-08-23,3cpt/andler-github-webhook,1,0,1,112,2,1,1,1,1,0,0,5,0,1
2021-08-23,3cpt/andlogger,1,0,0,50,3,7,1,2,1,0,0,0,0,0
2021-08-23,3cpt/awesome-ospo,0,0,0,88,26,0,0,0,0,0,0,0,0,0
2021-08-23,3cpt/bookmark-plain-text,1,0,0,4,1,1,1,0,0,0,0,0,0,0
2021-08-23,3cpt/dotfiles,1,1,0,12,2,0,0,1,1,0,1,0,1,0
2021-08-23,3cpt/generic-host-sample,1,1,0,7,1,0,0,1,1,0,0,0,0,0
2021-08-23,3cpt/github-action,0,0,0,212,3,3,1,1,1,0,0,0,0,0
2021-08-23,3cpt/InnerSourcePatterns,0,0,0,12821,49,8,1,1,1,0,0,0,0,0
2021-08-23,3cpt/kafka-flow,0,0,0,2556,16,11,1,3,3,0,0,0,0,0
2021-08-23,3cpt/nexinho,1,0,0,17,1,1,1,0,0,0,0,0,0,0
2021-08-23,3cpt/open-shelter-app,0,0,1,12588,1,0,0,1,1,0,0,3,1,13
2021-08-23,3cpt/potato-state-machine,1,0,0,10,2,0,0,0,0,0,0,0,0,0
2021-08-23,3cpt/recorrente,1,0,0,11,1,0,0,2,2,0,0,0,0,0
2021-08-23,3cpt/tegtig,1,1,1,63,5,1,1,0,0,4,0,4,5,1
2021-08-23,3cpt/testfx,0,0,0,18877,65,0,0,1,1,0,0,0,0,0
2021-08-23,3cpt/Testing-MassTransit-Courier,1,0,0,22,2,0,0,1,1,0,0,0,0,0
2021-08-24,3cpt/3cpt.github.io,1,0,0,32,2,4,1,1,1,0,0,0,0,0
2021-08-24,3cpt/adidas.github.io,0,0,0,7251,3,0,0,0,0,0,0,0,0,0
2021-08-24,3cpt/AndBotBlogger,1,0,0,469,2,5,1,1,1,0,0,0,0,0
2021-08-24,3cpt/andgearbest,2,3,1,77,2,12,2,1,1,1,1,2,4,3
2021-08-24,3cpt/andler-github-webhook,1,0,1,112,2,1,1,1,1,0,0,5,0,1
2021-08-24,3cpt/andlogger,1,0,0,50,3,7,1,2,1,0,0,0,0,0
2021-08-24,3cpt/awesome-ospo,0,0,0,88,26,0,0,0,0,0,0,0,0,0
2021-08-24,3cpt/bookmark-plain-text,1,0,0,4,1,1,1,0,0,0,0,0,0,0
2021-08-24,3cpt/dotfiles,1,1,0,12,2,0,0,1,1,0,1,0,1,0
2021-08-24,3cpt/generic-host-sample,1,1,1,7,1,0,0,1,1,0,0,0,0,0
2021-08-24,3cpt/github-action,0,0,0,212,3,3,1,1,1,0,0,0,0,0
2021-08-24,3cpt/InnerSourcePatterns,0,0,0,12821,49,8,1,1,1,0,0,0,0,0
2021-08-24,3cpt/kafka-flow,0,0,0,2556,16,11,1,3,3,0,0,0,0,0
2021-08-24,3cpt/nexinho,1,0,0,17,1,1,1,0,0,0,0,0,0,0
2021-08-24,3cpt/open-shelter-app,0,0,1,12588,1,0,0,1,1,0,0,3,1,13
2021-08-24,3cpt/potato-state-machine,1,0,0,10,2,0,0,0,0,0,0,0,0,0
2021-08-24,3cpt/recorrente,1,0,0,17,1,0,0,20,9,0,0,0,0,0
2021-08-24,3cpt/tegtig,1,1,1,63,5,1,1,0,0,4,0,4,5,1
2021-08-24,3cpt/testfx,0,0,0,18877,65,0,0,1,1,0,0,0,0,0
2021-08-24,3cpt/Testing-MassTransit-Courier,1,0,0,22,2,0,0,1,1,0,0,0,0,0
2021-08-25,3cpt/3cpt.github.io,1,0,0,32,2,0,0,1,1,0,0,0,0,0
2021-08-25,3cpt/adidas.github.io,0,0,0,7251,3,0,0,0,0,0,0,0,0,0
2021-08-25,3cpt/AndBotBlogger,1,0,0,469,2,5,1,1,1,0,0,0,0,0
2021-08-25,3cpt/andgearbest,2,3,1,77,2,1,1,1,1,1,1,2,4,3
2021-08-25,3cpt/andler-github-webhook,1,0,1,112,2,1,1,1,1,0,0,5,0,1
2021-08-25,3cpt/andlogger,1,0,0,50,3,7,1,1,1,0,0,0,0,0
2021-08-25,3cpt/awesome-ospo,0,0,0,88,26,0,0,0,0,0,0,0,0,0
2021-08-25,3cpt/bookmark-plain-text,1,0,0,4,1,1,1,1,1,0,0,0,0,0
2021-08-25,3cpt/dotfiles,1,1,0,12,2,0,0,1,1,0,1,0,1,0
2021-08-25,3cpt/generic-host-sample,1,1,1,7,1,0,0,1,1,0,0,0,0,0
2021-08-25,3cpt/github-action,0,0,0,212,3,3,1,1,1,0,0,0,0,0
2021-08-25,3cpt/InnerSourcePatterns,0,0,0,12821,49,8,1,1,1,0,0,0,0,0
2021-08-25,3cpt/kafka-flow,0,0,0,2556,16,2,2,3,3,0,0,0,0,0
2021-08-25,3cpt/nexinho,1,0,0,17,1,1,1,0,0,0,0,0,0,0
2021-08-25,3cpt/open-shelter-app,0,0,1,12588,1,0,0,1,1,0,0,3,1,13
2021-08-25,3cpt/potato-state-machine,1,0,0,10,2,0,0,0,0,0,0,0,0,0
2021-08-25,3cpt/recorrente,1,0,1,17,1,22,2,6,4,0,0,0,0,0
2021-08-25,3cpt/tegtig,1,1,1,63,5,1,1,0,0,4,0,4,5,1
2021-08-25,3cpt/testfx,0,0,0,18877,65,0,0,1,1,0,0,0,0,0
2021-08-25,3cpt/Testing-MassTransit-Courier,1,0,0,22,2,0,0,1,1,0,0,0,0,0
2021-08-26,3cpt/3cpt.github.io,1,0,0,32,2,0,0,1,1,0,0,0,0,0
2021-08-26,3cpt/adidas.github.io,0,0,0,7251,3,0,0,0,0,0,0,0,0,0
2021-08-26,3cpt/AndBotBlogger,1,0,0,469,2,0,0,1,1,0,0,0,0,0
2021-08-26,3cpt/andgearbest,2,3,1,77,2,1,1,1,1,1,1,2,4,3
2021-08-26,3cpt/andler-github-webhook,1,0,1,112,2,1,1,1,1,0,0,5,0,1
2021-08-26,3cpt/andlogger,1,0,0,50,3,7,1,1,1,0,0,0,0,0
2021-08-26,3cpt/awesome-ospo,0,0,0,88,26,0,0,0,0,0,0,0,0,0
2021-08-26,3cpt/bookmark-plain-text,1,0,0,4,1,1,1,1,1,0,0,0,0,0
2021-08-26,3cpt/dotfiles,1,1,0,12,2,0,0,1,1,0,1,0,1,0
2021-08-26,3cpt/generic-host-sample,1,1,1,7,1,0,0,1,1,0,0,0,0,0
2021-08-26,3cpt/github-action,0,0,0,212,3,3,1,1,1,0,0,0,0,0
2021-08-26,3cpt/InnerSourcePatterns,0,0,0,12821,49,8,1,1,1,0,0,0,0,0
2021-08-26,3cpt/kafka-flow,0,0,0,2556,16,2,2,3,3,0,0,0,0,0
2021-08-26,3cpt/nexinho,1,0,0,17,1,1,1,0,0,0,0,0,0,0
2021-08-26,3cpt/open-shelter-app,0,0,1,12588,1,0,0,1,1,0,0,3,1,13
2021-08-26,3cpt/potato-state-machine,1,0,0,10,2,0,0,0,0,0,0,0,0,0
2021-08-26,3cpt/recorrente,1,0,1,20,1,2,1,6,5,0,0,0,0,0
2021-08-26,3cpt/tegtig,1,1,1,63,5,1,1,0,0,4,0,4,5,1
2021-08-26,3cpt/testfx,0,0,0,18877,65,0,0,1,1,0,0,0,0,0
2021-08-26,3cpt/Testing-MassTransit-Courier,1,0,0,22,2,0,0,1,1,0,0,0,0,0
2021-08-27,3cpt/3cpt.github.io,1,0,0,32,2,0,0,1,1,0,0,0,0,0
2021-08-27,3cpt/adidas.github.io,0,0,0,7251,3,0,0,0,0,0,0,0,0,0
2021-08-27,3cpt/AndBotBlogger,1,0,0,469,2,0,0,1,1,0,0,0,0,0
2021-08-27,3cpt/andgearbest,2,3,1,77,2,1,1,1,1,1,1,2,4,3
2021-08-27,3cpt/andler-github-webhook,1,0,1,112,2,1,1,6,5,0,0,4,1,1
2021-08-27,3cpt/andlogger,1,0,0,50,3,7,1,1,1,0,0,0,0,0
2021-08-27,3cpt/awesome-ospo,0,0,0,88,26,0,0,0,0,0,0,0,0,0
2021-08-27,3cpt/bookmark-plain-text,1,0,0,4,1,0,0,1,1,0,0,0,0,0
2021-08-27,3cpt/dotfiles,1,1,0,12,2,0,0,1,1,0,1,0,1,0
2021-08-27,3cpt/generic-host-sample,1,1,1,7,1,0,0,1,1,0,0,0,0,0
2021-08-27,3cpt/github-action,0,0,0,212,3,3,1,1,1,0,0,0,0,0
2021-08-27,3cpt/InnerSourcePatterns,0,0,0,12821,49,4,1,1,1,0,0,0,0,0
2021-08-27,3cpt/kafka-flow,0,0,0,2556,16,1,1,3,3,0,0,0,0,0
2021-08-27,3cpt/nexinho,1,0,0,17,1,1,1,0,0,0,0,0,0,0
2021-08-27,3cpt/open-shelter-app,0,0,1,12588,1,0,0,1,1,0,0,3,1,13
2021-08-27,3cpt/potato-state-machine,1,0,0,10,2,0,0,0,0,0,0,0,0,0
2021-08-27,3cpt/recorrente,1,0,1,20,1,2,1,2,2,0,0,0,0,0
2021-08-27,3cpt/tegtig,1,1,1,63,5,1,1,0,0,4,0,4,5,1
2021-08-27,3cpt/testfx,0,0,0,18877,65,0,0,1,1,0,0,0,0,0
2021-08-27,3cpt/Testing-MassTransit-Courier,1,0,0,22,2,0,0,1,1,0,0,0,0,0
2021-08-28,3cpt/3cpt.github.io,1,0,0,32,2,0,0,1,1,0,0,0,0,0
2021-08-28,3cpt/adidas.github.io,0,0,0,7251,3,0,0,0,0,0,0,0,0,0
2021-08-28,3cpt/AndBotBlogger,1,0,0,469,2,0,0,0,0,0,0,0,0,0
2021-08-28,3cpt/andgearbest,2,3,1,77,2,1,1,1,1,1,1,2,4,3
2021-08-28,3cpt/andler-github-webhook,1,0,1,112,2,1,1,1,1,0,0,4,1,1
2021-08-28,3cpt/andlogger,1,0,0,50,3,7,1,1,1,0,0,0,0,0
2021-08-28,3cpt/awesome-ospo,0,0,0,88,26,0,0,0,0,0,0,0,0,0
2021-08-28,3cpt/bookmark-plain-text,1,0,0,4,1,0,0,1,1,0,0,0,0,0
2021-08-28,3cpt/dotfiles,1,1,0,12,2,0,0,1,1,0,1,0,1,0
2021-08-28,3cpt/generic-host-sample,1,1,1,7,1,0,0,1,1,0,0,0,0,0
2021-08-28,3cpt/github-action,0,0,0,212,3,3,1,1,1,0,0,0,0,0
2021-08-28,3cpt/InnerSourcePatterns,0,0,0,12821,49,4,1,1,1,0,0,0,0,0
2021-08-28,3cpt/kafka-flow,0,0,0,2556,16,1,1,3,3,0,0,0,0,0
2021-08-28,3cpt/nexinho,1,0,0,17,1,1,1,0,0,0,0,0,0,0
2021-08-28,3cpt/open-shelter-app,0,0,1,12588,1,0,0,1,1,0,0,3,1,13
2021-08-28,3cpt/potato-state-machine,1,0,0,10,2,0,0,0,0,0,0,0,0,0
2021-08-28,3cpt/recorrente,1,0,1,22,1,2,1,2,2,0,0,0,0,0
2021-08-28,3cpt/tegtig,1,1,1,63,5,1,1,0,0,4,0,4,5,1
2021-08-28,3cpt/testfx,0,0,0,18877,65,0,0,0,0,0,0,0,0,0
2021-08-28,3cpt/Testing-MassTransit-Courier,1,0,0,22,2,0,0,1,1,0,0,0,0,0
2021-08-29,3cpt/3cpt.github.io,1,0,0,32,2,0,0,1,1,0,0,0,0,0
2021-08-29,3cpt/adidas.github.io,0,0,0,7251,3,0,0,0,0,0,0,0,0,0
2021-08-29,3cpt/AndBotBlogger,1,0,0,469,2,0,0,0,0,0,0,0,0,0
2021-08-29,3cpt/andgearbest,2,3,1,77,2,1,1,1,1,1,1,2,4,3
2021-08-29,3cpt/andler-github-webhook,1,0,1,112,2,1,1,1,1,0,0,4,1,1
2021-08-29,3cpt/andlogger,1,0,0,50,3,7,1,1,1,0,0,0,0,0
2021-08-29,3cpt/awesome-ospo,0,0,0,88,26,0,0,0,0,0,0,0,0,0
2021-08-29,3cpt/bookmark-plain-text,1,0,0,4,1,0,0,1,1,0,0,0,0,0
2021-08-29,3cpt/dotfiles,1,1,0,12,2,0,0,1,1,0,1,0,1,0
2021-08-29,3cpt/generic-host-sample,1,1,1,7,1,0,0,1,1,0,0,0,0,0
2021-08-29,3cpt/github-action,0,0,0,212,3,3,1,1,1,0,0,0,0,0
2021-08-29,3cpt/InnerSourcePatterns,0,0,0,12821,49,4,1,1,1,0,0,0,0,0
2021-08-29,3cpt/kafka-flow,0,0,0,2556,16,1,1,3,3,0,0,0,0,0
2021-08-29,3cpt/nexinho,1,0,0,17,1,1,1,0,0,0,0,0,0,0
2021-08-29,3cpt/open-shelter-app,0,0,1,12588,1,0,0,1,1,0,0,3,1,13
2021-08-29,3cpt/potato-state-machine,1,0,0,10,2,0,0,0,0,0,0,0,0,0
2021-08-29,3cpt/recorrente,1,0,1,22,1,2,1,4,4,0,0,0,0,0
2021-08-29,3cpt/tegtig,1,1,1,63,5,1,1,0,0,4,0,4,5,1
2021-08-29,3cpt/testfx,0,0,0,18877,65,0,0,0,0,0,0,0,0,0
2021-08-29,3cpt/Testing-MassTransit-Courier,1,0,0,22,2,0,0,1,1,0,0,0,0,0
2021-08-30,3cpt/3cpt.github.io,1,0,0,32,2,0,0,1,1,0,0,0,0,0
2021-08-30,3cpt/adidas.github.io,0,0,0,7251,3,0,0,0,0,0,0,0,0,0
2021-08-30,3cpt/AndBotBlogger,1,0,0,469,2,0,0,0,0,0,0,0,0,0
2021-08-30,3cpt/andgearbest,2,3,1,77,2,1,1,1,1,1,1,2,4,3
2021-08-30,3cpt/andler-github-webhook,1,0,1,112,2,1,1,1,1,0,0,4,1,1
2021-08-30,3cpt/andlogger,1,0,0,50,3,7,1,1,1,0,0,0,0,0
2021-08-30,3cpt/awesome-ospo,0,0,0,88,26,0,0,0,0,0,0,0,0,0
2021-08-30,3cpt/bookmark-plain-text,1,0,0,4,1,0,0,1,1,0,0,0,0,0
2021-08-30,3cpt/dotfiles,1,1,0,12,2,0,0,1,1,0,1,0,1,0
2021-08-30,3cpt/generic-host-sample,1,1,1,7,1,0,0,1,1,0,0,0,0,0
2021-08-30,3cpt/github-action,0,0,0,212,3,3,1,1,1,0,0,0,0,0
2021-08-30,3cpt/InnerSourcePatterns,0,0,0,12821,49,4,1,1,1,0,0,0,0,0
2021-08-30,3cpt/kafka-flow,0,0,0,2556,16,1,1,3,3,0,0,0,0,0
2021-08-30,3cpt/nexinho,1,0,0,17,1,1,1,0,0,0,0,0,0,0
2021-08-30,3cpt/open-shelter-app,0,0,1,12588,1,0,0,1,1,0,0,3,1,13
2021-08-30,3cpt/potato-state-machine,1,0,0,10,2,0,0,0,0,0,0,0,0,0
2021-08-30,3cpt/recorrente,1,0,1,24,1,2,1,3,3,0,0,0,0,0
2021-08-30,3cpt/tegtig,1,1,1,63,5,1,1,0,0,4,0,4,5,1
2021-08-30,3cpt/testfx,0,0,0,18877,65,0,0,0,0,0,0,0,0,0
2021-08-30,3cpt/Testing-MassTransit-Courier,1,0,0,22,2,0,0,1,1,0,0,0,0,0
2021-08-31,3cpt/3cpt.github.io,1,0,0,32,2,0,0,1,1,0,0,0,0,0
2021-08-31,3cpt/adidas.github.io,0,0,0,7251,3,0,0,0,0,0,0,0,0,0
2021-08-31,3cpt/AndBotBlogger,1,0,0,469,2,0,0,0,0,0,0,0,0,0
2021-08-31,3cpt/andgearbest,2,3,1,77,2,1,1,1,1,1,1,2,4,3
2021-08-31,3cpt/andler-github-webhook,1,0,1,112,2,18,1,1,1,0,0,4,1,1
2021-08-31,3cpt/andlogger,1,0,0,50,3,7,1,1,1,0,0,0,0,0
2021-08-31,3cpt/awesome-ospo,0,0,0,88,26,0,0,0,0,0,0,0,0,0
2021-08-31,3cpt/bookmark-plain-text,1,0,0,4,1,0,0,1,1,0,0,0,0,0
2021-08-31,3cpt/dotfiles,1,1,0,12,2,0,0,1,1,0,1,0,1,0
2021-08-31,3cpt/generic-host-sample,1,1,1,7,1,0,0,1,1,0,0,0,0,0
2021-08-31,3cpt/github-action,0,0,0,212,3,3,1,1,1,0,0,0,0,0
2021-08-31,3cpt/InnerSourcePatterns,0,0,0,12817,49,4,1,2,2,0,0,0,0,0
2021-08-31,3cpt/kafka-flow,0,0,0,2556,16,1,1,3,3,0,0,0,0,0
2021-08-31,3cpt/nexinho,1,0,0,17,1,1,1,0,0,0,0,0,0,0
2021-08-31,3cpt/open-shelter-app,0,0,1,12588,1,0,0,1,1,0,0,3,1,13
2021-08-31,3cpt/potato-state-machine,1,0,0,10,2,0,0,0,0,0,0,0,0,0
2021-08-31,3cpt/recorrente,1,0,1,24,1,2,1,3,3,0,0,0,0,0
2021-08-31,3cpt/tegtig,1,1,1,63,5,1,1,0,0,4,0,4,5,1
2021-08-31,3cpt/testfx,0,0,0,18877,65,0,0,0,0,0,0,0,0,0
2021-08-31,3cpt/Testing-MassTransit-Courier,1,0,0,22,2,0,0,1,1,0,0,0,0,0
2021-09-01,3cpt/3cpt.github.io,1,0,0,32,2,0,0,1,1,0,0,0,0,0
2021-09-01,3cpt/adidas.github.io,0,0,0,7251,3,0,0,0,0,0,0,0,0,0
2021-09-01,3cpt/AndBotBlogger,1,0,0,469,2,0,0,1,1,0,0,0,0,0
2021-09-01,3cpt/andgearbest,2,3,1,77,2,1,1,1,1,1,1,2,4,3
2021-09-01,3cpt/andler-github-webhook,1,0,1,112,2,18,1,1,1,0,0,4,1,1
2021-09-01,3cpt/andlogger,1,0,0,50,3,7,1,1,1,0,0,0,0,0
2021-09-01,3cpt/awesome-ospo,0,0,0,88,26,0,0,0,0,0,0,0,0,0
2021-09-01,3cpt/bookmark-plain-text,1,0,0,4,1,0,0,1,1,0,0,0,0,0
2021-09-01,3cpt/dotfiles,1,1,0,12,2,0,0,1,1,0,1,0,1,0
2021-09-01,3cpt/generic-host-sample,1,1,1,7,1,0,0,1,1,0,0,0,0,0
2021-09-01,3cpt/github-action,0,0,0,212,3,3,1,1,1,0,0,0,0,0
2021-09-01,3cpt/InnerSourcePatterns,0,0,0,12817,49,4,1,2,2,0,0,0,0,0
2021-09-01,3cpt/kafka-flow,0,0,0,2556,16,1,1,3,3,0,0,0,0,0
2021-09-01,3cpt/nexinho,1,0,0,17,1,1,1,0,0,0,0,0,0,0
2021-09-01,3cpt/open-shelter-app,0,0,1,12588,1,0,0,1,1,0,0,3,1,13
2021-09-01,3cpt/potato-state-machine,1,0,0,10,2,0,0,0,0,0,0,0,0,0
2021-09-01,3cpt/recorrente,1,0,1,26,1,5,1,4,4,0,0,0,0,0
2021-09-01,3cpt/tegtig,1,1,1,63,5,1,1,0,0,4,0,4,5,1
2021-09-01,3cpt/testfx,0,0,0,18877,65,0,0,0,0,0,0,0,0,0
2021-09-01,3cpt/Testing-MassTransit-Courier,1,0,0,22,2,0,0,1,1,0,0,0,0,0
2021-09-02,3cpt/3cpt.github.io,1,0,0,32,2,0,0,1,1,0,0,0,0,0
2021-09-02,3cpt/adidas.github.io,0,0,0,7251,3,0,0,0,0,0,0,0,0,0
2021-09-02,3cpt/AndBotBlogger,1,0,0,469,2,0,0,1,1,0,0,0,0,0
2021-09-02,3cpt/andgearbest,2,3,1,77,2,1,1,1,1,1,1,2,4,3
2021-09-02,3cpt/andler-github-webhook,1,0,1,112,2,18,1,1,1,0,0,4,1,1
2021-09-02,3cpt/andlogger,1,0,0,50,3,7,1,1,1,0,0,0,0,0
2021-09-02,3cpt/awesome-ospo,0,0,0,88,26,0,0,0,0,0,0,0,0,0
2021-09-02,3cpt/bookmark-plain-text,1,0,0,4,1,0,0,1,1,0,0,0,0,0
2021-09-02,3cpt/dotfiles,1,1,0,12,2,0,0,1,1,0,1,0,1,0
2021-09-02,3cpt/generic-host-sample,1,1,1,7,1,0,0,1,1,0,0,0,0,0
2021-09-02,3cpt/github-action,0,0,0,212,3,0,0,0,0,0,0,0,0,0
2021-09-02,3cpt/InnerSourcePatterns,0,0,0,12817,49,4,1,2,2,0,0,0,0,0
2021-09-02,3cpt/kafka-flow,0,0,0,2556,16,1,1,3,3,0,0,0,0,0
2021-09-02,3cpt/nexinho,1,0,0,17,1,1,1,0,0,0,0,0,0,0
2021-09-02,3cpt/open-shelter-app,0,0,1,12588,1,0,0,1,1,0,0,3,1,13
2021-09-02,3cpt/potato-state-machine,1,0,0,10,2,0,0,0,0,0,0,0,0,0
2021-09-02,3cpt/recorrente,1,0,1,26,1,5,1,2,2,0,0,0,0,0
2021-09-02,3cpt/tegtig,1,1,1,63,5,1,1,0,0,4,0,4,5,1
2021-09-02,3cpt/testfx,0,0,0,18877,65,0,0,0,0,0,0,0,0,0
2021-09-02,3cpt/Testing-MassTransit-Courier,1,0,0,22,2,0,0,1,1,0,0,0,0,0
2021-09-03,3cpt/3cpt.github.io,1,0,0,32,2,0,0,1,1,0,0,0,0,0
2021-09-03,3cpt/adidas.github.io,0,0,0,7251,3,0,0,0,0,0,0,0,0,0
2021-09-03,3cpt/AndBotBlogger,1,0,0,469,2,0,0,1,1,0,0,0,0,0
2021-09-03,3cpt/andgearbest,2,3,1,77,2,1,1,1,1,1,1,2,4,3
2021-09-03,3cpt/andler-github-webhook,1,0,1,112,2,18,1,1,1,0,0,4,1,1
2021-09-03,3cpt/andlogger,1,0,0,50,3,7,1,1,1,0,0,0,0,0
2021-09-03,3cpt/awesome-ospo,0,0,0,88,26,0,0,0,0,0,0,0,0,0
2021-09-03,3cpt/bookmark-plain-text,1,0,0,4,1,0,0,1,1,0,0,0,0,0
2021-09-03,3cpt/dotfiles,1,1,0,12,2,0,0,1,1,0,1,0,1,0
2021-09-03,3cpt/generic-host-sample,1,1,1,7,1,0,0,1,1,0,0,0,0,0
2021-09-03,3cpt/github-action,0,0,0,212,3,0,0,0,0,0,0,0,0,0
2021-09-03,3cpt/InnerSourcePatterns,0,0,0,12817,49,4,1,2,2,0,0,0,0,0
2021-09-03,3cpt/kafka-flow,0,0,0,2556,16,1,1,0,0,0,0,0,0,0
2021-09-03,3cpt/nexinho,1,0,0,17,1,1,1,0,0,0,0,0,0,0
2021-09-03,3cpt/open-shelter-app,0,0,1,12588,1,0,0,1,1,0,0,3,1,13
2021-09-03,3cpt/potato-state-machine,1,0,0,10,2,0,0,0,0,0,0,0,0,0
2021-09-03,3cpt/recorrente,1,0,1,28,1,2,1,1,1,0,0,0,0,0
2021-09-03,3cpt/tegtig,1,1,1,63,5,1,1,0,0,4,0,4,5,1
2021-09-03,3cpt/testfx,0,0,0,18877,65,0,0,0,0,0,0,0,0,0
2021-09-03,3cpt/Testing-MassTransit-Courier,1,0,0,22,2,0,0,1,1,0,0,0,0,0
2021-09-04,3cpt/3cpt.github.io,1,0,0,32,2,0,0,1,1,0,0,0,0,0
2021-09-04,3cpt/adidas.github.io,0,0,0,7251,3,0,0,0,0,0,0,0,0,0
2021-09-04,3cpt/AndBotBlogger,1,0,0,469,2,0,0,1,1,0,0,0,0,0
2021-09-04,3cpt/andgearbest,2,3,1,77,2,1,1,1,1,1,1,2,4,3
2021-09-04,3cpt/andler-github-webhook,1,0,1,112,2,18,1,1,1,0,0,4,1,1
2021-09-04,3cpt/andlogger,1,0,0,50,3,7,1,1,1,0,0,0,0,0
2021-09-04,3cpt/awesome-ospo,0,0,0,88,26,0,0,0,0,0,0,0,0,0
2021-09-04,3cpt/bookmark-plain-text,1,0,0,4,1,0,0,1,1,0,0,0,0,0
2021-09-04,3cpt/dotfiles,1,1,0,12,2,0,0,1,1,0,1,0,1,0
2021-09-04,3cpt/generic-host-sample,1,1,1,7,1,0,0,1,1,0,0,0,0,0
2021-09-04,3cpt/github-action,0,0,0,212,3,0,0,0,0,0,0,0,0,0
2021-09-04,3cpt/InnerSourcePatterns,0,0,0,12817,49,4,1,2,2,0,0,0,0,0
2021-09-04,3cpt/kafka-flow,0,0,0,2556,16,1,1,0,0,0,0,0,0,0
2021-09-04,3cpt/nexinho,1,0,0,17,1,1,1,0,0,0,0,0,0,0
2021-09-04,3cpt/open-shelter-app,0,0,1,12588,1,0,0,1,1,0,0,3,1,13
2021-09-04,3cpt/potato-state-machine,1,0,0,10,2,0,0,0,0,0,0,0,0,0
2021-09-04,3cpt/recorrente,1,0,1,29,1,2,1,2,2,0,0,0,0,0
2021-09-04,3cpt/tegtig,1,1,1,63,5,0,0,0,0,4,0,4,5,1
2021-09-04,3cpt/testfx,0,0,0,18877,65,0,0,0,0,0,0,0,0,0
2021-09-04,3cpt/Testing-MassTransit-Courier,1,0,0,22,2,0,0,1,1,0,0,0,0,0
2021-09-05,3cpt/3cpt.github.io,1,0,0,32,2,0,0,1,1,0,0,0,0,0
2021-09-05,3cpt/AndBotBlogger,1,0,0,469,2,0,0,1,1,0,0,0,0,0
2021-09-05,3cpt/andgearbest,2,3,1,77,2,1,1,0,0,1,1,2,4,3
2021-09-05,3cpt/andler-github-webhook,1,0,1,112,2,18,1,1,1,0,0,4,1,1
2021-09-05,3cpt/andlogger,1,0,0,50,3,7,1,1,1,0,0,0,0,0
2021-09-05,3cpt/bookmark-plain-text,1,0,0,4,1,0,0,1,1,0,0,0,0,0
2021-09-05,3cpt/dotfiles,1,1,0,12,2,0,0,1,1,0,1,0,1,0
2021-09-05,3cpt/generic-host-sample,1,1,1,7,1,0,0,1,1,0,0,0,0,0
2021-09-05,3cpt/nexinho,1,0,0,21,1,1,1,5,4,0,0,0,0,0
2021-09-05,3cpt/open-shelter-app,0,0,1,12588,1,0,0,1,1,0,0,3,1,13
2021-09-05,3cpt/potato-state-machine,1,0,0,10,2,0,0,1,1,0,0,0,0,0
2021-09-05,3cpt/recorrente,1,0,1,33,1,4,1,4,3,0,0,0,1,0
2021-09-05,3cpt/tegtig,1,1,1,63,5,0,0,0,0,4,0,4,5,1
2021-09-05,3cpt/Testing-MassTransit-Courier,1,0,0,22,2,0,0,1,1,0,0,0,0,0
2021-09-06,3cpt/3cpt.github.io,1,0,0,32,2,0,0,1,1,0,0,0,0,0
2021-09-06,3cpt/AndBotBlogger,1,0,0,469,2,0,0,1,1,0,0,0,0,0
2021-09-06,3cpt/andgearbest,2,3,1,77,2,1,1,1,1,1,1,2,4,3
2021-09-06,3cpt/andler-github-webhook,1,0,1,112,2,18,1,1,1,0,0,4,1,1
2021-09-06,3cpt/andlogger,1,0,0,50,3,7,1,1,1,0,0,0,0,0
2021-09-06,3cpt/bookmark-plain-text,1,0,0,4,1,0,0,1,1,0,0,0,0,0
2021-09-06,3cpt/dotfiles,1,1,0,12,2,0,0,1,1,0,1,0,1,0
2021-09-06,3cpt/generic-host-sample,1,1,1,7,1,0,0,1,1,0,0,0,0,0
2021-09-06,3cpt/nexinho,1,0,0,21,1,1,1,5,4,0,0,0,0,0
2021-09-06,3cpt/open-shelter-app,0,0,1,12588,1,0,0,1,1,0,0,3,1,13
2021-09-06,3cpt/potato-state-machine,1,0,0,10,2,0,0,1,1,0,0,0,0,0
2021-09-06,3cpt/recorrente,1,0,1,35,1,4,1,1,1,0,0,0,1,0
2021-09-06,3cpt/tegtig,1,1,1,63,5,0,0,0,0,4,0,4,5,1
2021-09-06,3cpt/Testing-MassTransit-Courier,1,0,0,22,2,0,0,1,1,0,0,0,0,0
2021-09-07,3cpt/3cpt.github.io,1,0,0,32,2,0,0,1,1,0,0,0,0,0
2021-09-07,3cpt/AndBotBlogger,1,0,0,469,2,0,0,1,1,0,0,0,0,0
2021-09-07,3cpt/andgearbest,2,3,1,77,2,1,1,1,1,1,1,2,4,3
2021-09-07,3cpt/andler-github-webhook,1,0,1,112,2,18,1,1,1,0,0,4,1,1
2021-09-07,3cpt/andlogger,1,0,0,50,3,0,0,1,1,0,0,0,0,0
2021-09-07,3cpt/bookmark-plain-text,1,0,0,4,1,0,0,1,1,0,0,0,0,0
2021-09-07,3cpt/dotfiles,1,1,0,12,2,0,0,0,0,0,1,0,1,0
2021-09-07,3cpt/generic-host-sample,1,1,1,7,1,0,0,0,0,0,0,0,0,0
2021-09-07,3cpt/nexinho,1,0,0,21,1,1,1,1,1,0,0,0,0,0
2021-09-07,3cpt/open-shelter-app,0,0,1,12588,1,0,0,1,1,0,0,3,1,13
2021-09-07,3cpt/potato-state-machine,1,0,0,10,2,0,0,1,1,0,0,0,0,0
2021-09-07,3cpt/recorrente,1,0,1,37,1,2,1,2,2,0,0,0,1,0
2021-09-07,3cpt/tegtig,1,1,1,63,5,0,0,0,0,4,0,4,5,1
2021-09-07,3cpt/Testing-MassTransit-Courier,1,0,0,22,2,0,0,1,1,0,0,0,0,0
2021-09-08,3cpt/3cpt.github.io,1,0,0,32,2,0,0,1,1,0,0,0,0,0
2021-09-08,3cpt/AndBotBlogger,1,0,0,469,2,0,0,1,1,0,0,0,0,0
2021-09-08,3cpt/andgearbest,2,3,1,77,2,1,1,1,1,1,1,2,4,3
2021-09-08,3cpt/andler-github-webhook,1,0,1,112,2,18,1,1,1,0,0,4,1,1
2021-09-08,3cpt/andlogger,1,0,0,50,3,0,0,1,1,0,0,0,0,0
2021-09-08,3cpt/bookmark-plain-text,1,0,0,4,1,0,0,1,1,0,0,0,0,0
2021-09-08,3cpt/dotfiles,1,1,0,12,2,0,0,0,0,0,1,0,1,0
2021-09-08,3cpt/generic-host-sample,1,1,1,7,1,0,0,0,0,0,0,0,0,0
2021-09-08,3cpt/nexinho,1,0,0,21,1,1,1,1,1,0,0,0,0,0
2021-09-08,3cpt/open-shelter-app,0,0,1,12588,1,0,0,1,1,0,0,3,1,13
2021-09-08,3cpt/potato-state-machine,1,0,0,10,2,0,0,1,1,0,0,0,0,0
2021-09-08,3cpt/recorrente,1,0,1,38,1,2,1,3,3,0,0,0,1,0
2021-09-08,3cpt/tegtig,1,1,1,63,5,0,0,0,0,4,0,4,5,1
2021-09-08,3cpt/Testing-MassTransit-Courier,1,0,0,22,2,0,0,1,1,0,0,0,0,0
2021-09-09,3cpt/3cpt.github.io,1,0,0,32,2,0,0,1,1,0,0,0,0,0
2021-09-09,3cpt/AndBotBlogger,1,0,0,469,2,0,0,1,1,0,0,0,0,0
2021-09-09,3cpt/andgearbest,2,3,1,77,2,1,1,1,1,1,1,2,4,3
2021-09-09,3cpt/andler-github-webhook,1,0,1,112,2,18,1,1,1,0,0,4,1,1
2021-09-09,3cpt/andlogger,1,0,0,50,3,0,0,0,0,0,0,0,0,0
2021-09-09,3cpt/bookmark-plain-text,1,0,0,4,1,0,0,1,1,0,0,0,0,0
2021-09-09,3cpt/dotfiles,1,1,0,12,2,0,0,0,0,0,1,0,1,0
2021-09-09,3cpt/generic-host-sample,1,1,1,7,1,0,0,0,0,0,0,0,0,0
2021-09-09,3cpt/nexinho,1,0,0,21,1,0,0,1,1,0,0,0,0,0
2021-09-09,3cpt/open-shelter-app,0,0,1,12588,1,0,0,1,1,0,0,3,1,13
2021-09-09,3cpt/potato-state-machine,1,0,0,10,2,0,0,1,1,0,0,0,0,0
2021-09-09,3cpt/recorrente,1,0,1,40,1,2,1,2,2,0,0,0,1,0
2021-09-09,3cpt/tegtig,1,1,1,63,5,0,0,0,0,4,0,4,5,1
2021-09-09,3cpt/Testing-MassTransit-Courier,1,0,0,22,2,0,0,1,1,0,0,0,0,0
2021-09-10,3cpt/3cpt.github.io,1,0,0,32,2,0,0,1,1,0,0,0,0,0
2021-09-10,3cpt/AndBotBlogger,1,0,0,469,2,0,0,1,1,0,0,0,0,0
2021-09-10,3cpt/andgearbest,2,3,1,77,2,1,1,1,1,1,1,2,4,3
2021-09-10,3cpt/andler-github-webhook,1,0,1,112,2,18,1,1,1,0,1,4,1,1
2021-09-10,3cpt/andlogger,1,0,0,50,3,0,0,0,0,0,0,0,0,0
2021-09-10,3cpt/bookmark-plain-text,1,0,0,4,1,0,0,1,1,0,0,0,0,0
2021-09-10,3cpt/dotfiles,1,1,0,12,2,0,0,0,0,0,1,0,1,0
2021-09-10,3cpt/generic-host-sample,1,1,1,7,1,0,0,0,0,0,0,0,0,0
2021-09-10,3cpt/nexinho,1,0,0,21,1,0,0,1,1,0,0,0,0,0
2021-09-10,3cpt/open-shelter-app,0,0,1,12588,1,0,0,1,1,0,0,3,1,13
2021-09-10,3cpt/potato-state-machine,1,0,0,10,2,0,0,1,1,0,0,0,0,0
2021-09-10,3cpt/recorrente,1,0,1,41,1,2,1,3,3,1,0,0,1,0
2021-09-10,3cpt/tegtig,1,1,1,63,5,0,0,0,0,4,0,4,5,1
2021-09-10,3cpt/Testing-MassTransit-Courier,1,0,0,22,2,0,0,1,1,0,0,0,0,0
2021-09-11,3cpt/3cpt.github.io,1,0,0,32,2,0,0,1,1,0,0,0,0,0
2021-09-11,3cpt/AndBotBlogger,1,0,0,469,2,0,0,1,1,0,0,0,0,0
2021-09-11,3cpt/andgearbest,2,3,1,77,2,1,1,1,1,1,1,2,4,3
2021-09-11,3cpt/andler-github-webhook,1,0,1,112,2,18,1,1,1,0,1,4,1,1
2021-09-11,3cpt/andlogger,1,0,0,50,3,0,0,0,0,0,0,0,0,0
2021-09-11,3cpt/bookmark-plain-text,1,0,0,4,1,0,0,1,1,0,0,0,0,0
2021-09-11,3cpt/dotfiles,1,1,0,12,2,0,0,0,0,0,1,0,1,0
2021-09-11,3cpt/generic-host-sample,1,1,1,7,1,0,0,0,0,0,0,0,0,0
2021-09-11,3cpt/nexinho,1,0,0,21,1,1,1,1,1,0,0,0,0,0
2021-09-11,3cpt/open-shelter-app,0,0,1,12588,1,0,0,1,1,0,0,3,1,13
2021-09-11,3cpt/potato-state-machine,1,0,0,10,2,0,0,1,1,0,0,0,0,0
2021-09-11,3cpt/recorrente,1,0,1,43,1,2,1,2,2,1,0,0,1,0
2021-09-11,3cpt/tegtig,1,1,1,63,5,0,0,0,0,4,0,4,5,1
2021-09-11,3cpt/Testing-MassTransit-Courier,1,0,0,22,2,0,0,1,1,0,0,0,0,0
2021-09-12,3cpt/3cpt.github.io,1,0,0,32,2,0,0,1,1,0,0,0,0,0
2021-09-12,3cpt/AndBotBlogger,1,0,0,469,2,0,0,1,1,0,0,0,0,0
2021-09-12,3cpt/andgearbest,2,3,1,77,2,1,1,1,1,1,1,2,4,3
2021-09-12,3cpt/andler-github-webhook,1,0,1,112,2,18,1,1,1,0,1,4,1,1
2021-09-12,3cpt/andlogger,1,0,0,50,3,0,0,0,0,0,0,0,0,0
2021-09-12,3cpt/bookmark-plain-text,1,0,0,4,1,0,0,1,1,0,0,0,0,0
2021-09-12,3cpt/dotfiles,1,1,0,12,2,0,0,0,0,0,1,0,1,0
2021-09-12,3cpt/generic-host-sample,1,1,1,7,1,0,0,0,0,0,0,0,0,0
2021-09-12,3cpt/nexinho,1,0,0,21,1,1,1,1,1,0,0,0,0,0
2021-09-12,3cpt/open-shelter-app,0,0,1,12588,1,0,0,1,1,0,0,3,1,13
2021-09-12,3cpt/potato-state-machine,1,0,0,10,2,0,0,1,1,0,0,0,0,0
2021-09-12,3cpt/recorrente,1,0,1,44,1,2,1,3,3,1,0,0,1,0
2021-09-12,3cpt/tegtig,1,1,1,63,5,0,0,0,0,4,0,4,5,1
2021-09-12,3cpt/Testing-MassTransit-Courier,1,0,0,22,2,0,0,1,1,0,0,0,0,0
2021-09-13,3cpt/3cpt.github.io,1,0,0,32,2,0,0,1,1,0,0,0,0,0
2021-09-13,3cpt/AndBotBlogger,1,0,0,469,2,0,0,1,1,0,0,0,0,0
2021-09-13,3cpt/andgearbest,2,3,1,77,2,1,1,1,1,1,1,2,4,3
2021-09-13,3cpt/andler-github-webhook,1,0,1,112,2,18,1,1,1,0,1,4,1,1
2021-09-13,3cpt/andlogger,1,0,0,50,3,0,0,0,0,0,0,0,0,0
2021-09-13,3cpt/bookmark-plain-text,1,0,0,4,1,0,0,0,0,0,0,0,0,0
2021-09-13,3cpt/dotfiles,1,1,0,12,2,0,0,1,1,0,1,0,1,0
2021-09-13,3cpt/generic-host-sample,1,1,1,7,1,0,0,0,0,0,0,0,0,0
2021-09-13,3cpt/nexinho,1,0,0,21,1,1,1,1,1,0,0,0,0,0
2021-09-13,3cpt/open-shelter-app,0,0,1,12588,1,0,0,1,1,0,0,3,1,13
2021-09-13,3cpt/potato-state-machine,1,0,0,10,2,0,0,1,1,0,0,0,0,0
2021-09-13,3cpt/recorrente,1,0,1,46,1,2,1,2,2,1,0,0,1,0
2021-09-13,3cpt/tegtig,1,1,1,63,5,0,0,0,0,4,0,4,5,1
2021-09-13,3cpt/Testing-MassTransit-Courier,1,0,0,22,2,0,0,1,1,0,0,0,0,0
2021-09-14,3cpt/3cpt.github.io,1,0,0,32,2,0,0,0,0,0,0,0,0,0
2021-09-14,3cpt/AndBotBlogger,1,0,0,469,2,0,0,1,1,0,0,0,0,0
2021-09-14,3cpt/andgearbest,2,3,1,77,2,1,1,1,1,1,1,2,4,3
2021-09-14,3cpt/andler-github-webhook,1,0,1,112,2,0,0,0,0,0,1,4,1,1
2021-09-14,3cpt/andlogger,1,0,0,50,3,0,0,0,0,0,0,0,0,0
2021-09-14,3cpt/bookmark-plain-text,1,0,0,4,1,0,0,0,0,0,0,0,0,0
2021-09-14,3cpt/dotfiles,1,1,0,12,2,0,0,1,1,0,1,0,1,0
2021-09-14,3cpt/generic-host-sample,1,1,1,7,1,0,0,0,0,0,0,0,0,0
2021-09-14,3cpt/nexinho,1,0,0,21,1,1,1,1,1,0,0,0,0,0
2021-09-14,3cpt/open-shelter-app,0,0,1,12588,1,0,0,1,1,0,0,3,1,13
2021-09-14,3cpt/potato-state-machine,1,0,0,10,2,0,0,1,1,0,0,0,0,0
2021-09-14,3cpt/recorrente,1,0,1,47,1,2,1,3,3,1,0,0,1,0
2021-09-14,3cpt/tegtig,1,1,1,63,5,0,0,0,0,4,0,4,5,1
2021-09-14,3cpt/Testing-MassTransit-Courier,1,0,0,22,2,0,0,1,1,0,0,0,0,0
2021-09-15,3cpt/3cpt.github.io,1,0,0,32,2,0,0,0,0,0,0,0,0,0
2021-09-15,3cpt/AndBotBlogger,1,0,0,469,2,0,0,1,1,0,0,0,0,0
2021-09-15,3cpt/andgearbest,2,3,1,77,2,1,1,1,1,1,1,2,4,3
2021-09-15,3cpt/andler-github-webhook,1,0,1,112,2,0,0,0,0,0,1,4,1,1
2021-09-15,3cpt/andlogger,1,0,0,50,3,0,0,0,0,0,0,0,0,0
2021-09-15,3cpt/bookmark-plain-text,1,0,0,4,1,0,0,0,0,0,0,0,0,0
2021-09-15,3cpt/dotfiles,1,1,0,12,2,0,0,1,1,0,1,0,1,0
2021-09-15,3cpt/generic-host-sample,1,1,1,7,1,0,0,0,0,0,0,0,0,0
2021-09-15,3cpt/nexinho,1,0,0,21,1,1,1,1,1,0,0,0,0,0
2021-09-15,3cpt/open-shelter-app,0,0,1,12588,1,0,0,1,1,0,0,3,1,13
2021-09-15,3cpt/potato-state-machine,1,0,0,10,2,0,0,1,1,0,0,0,0,0
2021-09-15,3cpt/recorrente,1,0,1,49,1,2,1,2,2,1,0,0,1,0
2021-09-15,3cpt/tegtig,1,1,1,63,5,0,0,0,0,4,0,4,5,1
2021-09-15,3cpt/Testing-MassTransit-Courier,1,0,0,22,2,0,0,1,1,0,0,0,0,0
2021-09-16,3cpt/3cpt.github.io,1,0,0,32,2,0,0,0,0,0,0,0,0,0
2021-09-16,3cpt/AndBotBlogger,1,0,0,469,2,0,0,1,1,0,0,0,0,0
2021-09-16,3cpt/andgearbest,2,3,1,77,2,1,1,1,1,1,1,2,4,3
2021-09-16,3cpt/andler-github-webhook,1,0,1,112,2,0,0,0,0,0,1,4,1,1
2021-09-16,3cpt/andlogger,1,0,0,50,3,0,0,0,0,0,0,0,0,0
2021-09-16,3cpt/bookmark-plain-text,1,0,0,4,1,0,0,0,0,0,0,0,0,0
2021-09-16,3cpt/dotfiles,1,1,0,12,2,0,0,1,1,0,1,0,1,0
2021-09-16,3cpt/generic-host-sample,1,1,1,7,1,0,0,0,0,0,0,0,0,0
2021-09-16,3cpt/nexinho,1,0,0,21,1,1,1,1,1,0,0,0,0,0
2021-09-16,3cpt/open-shelter-app,0,0,1,12588,1,0,0,1,1,0,0,3,1,13
2021-09-16,3cpt/potato-state-machine,1,0,0,10,2,0,0,1,1,0,0,0,0,0
2021-09-16,3cpt/recorrente,1,0,1,50,1,2,1,2,2,1,0,0,1,0
2021-09-16,3cpt/tegtig,1,1,1,63,5,0,0,0,0,4,0,4,5,1
2021-09-16,3cpt/Testing-MassTransit-Courier,1,0,0,22,2,0,0,1,1,0,0,0,0,0
2021-09-17,3cpt/3cpt.github.io,1,0,0,32,2,0,0,0,0,0,0,0,0,0
2021-09-17,3cpt/AndBotBlogger,1,0,0,469,2,0,0,1,1,0,0,0,0,0
2021-09-17,3cpt/andgearbest,2,3,1,77,2,1,1,1,1,1,1,2,4,3
2021-09-17,3cpt/andler-github-webhook,1,0,1,112,2,0,0,0,0,0,1,4,1,1
2021-09-17,3cpt/andlogger,1,0,0,50,3,0,0,0,0,0,0,0,0,0
2021-09-17,3cpt/bookmark-plain-text,1,0,0,4,1,0,0,0,0,0,0,0,0,0
2021-09-17,3cpt/dotfiles,1,1,0,12,2,0,0,1,1,0,1,0,1,0
2021-09-17,3cpt/generic-host-sample,1,1,1,7,1,0,0,0,0,0,0,0,0,0
2021-09-17,3cpt/nexinho,1,0,0,21,1,1,1,1,1,0,0,0,0,0
2021-09-17,3cpt/open-shelter-app,0,0,1,12588,1,0,0,1,1,0,0,3,1,13
2021-09-17,3cpt/potato-state-machine,1,0,0,10,2,0,0,1,1,0,0,0,0,0
2021-09-17,3cpt/recorrente,1,0,1,52,1,2,1,3,3,1,0,0,1,0
2021-09-17,3cpt/tegtig,1,1,1,63,5,0,0,0,0,4,0,4,5,1
2021-09-17,3cpt/Testing-MassTransit-Courier,1,0,0,22,2,0,0,1,1,0,0,0,0,0
2021-09-18,3cpt/3cpt.github.io,1,0,0,32,2,0,0,0,0,0,0,0,0,0
2021-09-18,3cpt/AndBotBlogger,1,0,0,469,2,0,0,1,1,0,0,0,0,0
2021-09-18,3cpt/andgearbest,2,3,1,77,2,1,1,1,1,1,1,2,4,3
2021-09-18,3cpt/andler-github-webhook,1,0,1,112,2,0,0,0,0,0,1,4,1,1
2021-09-18,3cpt/andlogger,1,0,0,50,3,0,0,0,0,0,0,0,0,0
2021-09-18,3cpt/bookmark-plain-text,1,0,0,4,1,0,0,0,0,0,0,0,0,0
2021-09-18,3cpt/dotfiles,1,1,0,12,2,0,0,1,1,0,1,0,1,0
2021-09-18,3cpt/generic-host-sample,1,1,1,7,1,0,0,2,1,0,0,0,0,0
2021-09-18,3cpt/nexinho,1,0,0,21,1,1,1,1,1,0,0,0,0,0
2021-09-18,3cpt/open-shelter-app,0,0,1,12588,1,0,0,1,1,0,0,3,1,13
2021-09-18,3cpt/potato-state-machine,1,0,0,10,2,0,0,1,1,0,0,0,0,0
2021-09-18,3cpt/recorrente,1,0,1,53,1,2,1,2,2,1,0,0,1,0
2021-09-18,3cpt/tegtig,1,1,1,63,5,0,0,0,0,4,0,4,5,1
2021-09-18,3cpt/Testing-MassTransit-Courier,1,0,0,22,2,0,0,1,1,0,0,0,0,0
2021-09-18,3cpt/3cpt.github.io,1,0,0,32,2,0,0,0,0,0,0,0,0,0
2021-09-18,3cpt/AndBotBlogger,1,0,0,469,2,0,0,0,0,0,0,0,0,0
2021-09-18,3cpt/andgearbest,2,3,1,77,2,0,0,0,0,1,1,2,4,3
2021-09-18,3cpt/andler-github-webhook,1,0,1,112,2,0,0,0,0,0,1,4,1,1
2021-09-18,3cpt/andlogger,1,0,0,50,3,0,0,0,0,0,0,0,0,0
2021-09-18,3cpt/bookmark-plain-text,1,0,0,4,1,0,0,0,0,0,0,0,0,0
2021-09-18,3cpt/dotfiles,1,1,0,12,2,0,0,0,0,0,1,0,1,0
2021-09-18,3cpt/generic-host-sample,1,1,1,7,1,0,0,0,0,0,0,0,0,0
2021-09-18,3cpt/nexinho,1,0,0,21,1,0,0,0,0,0,0,0,0,0
2021-09-18,3cpt/open-shelter-app,0,0,1,12588,1,0,0,0,0,0,0,3,1,13
2021-09-18,3cpt/potato-state-machine,1,0,0,10,2,0,0,0,0,0,0,0,0,0
2021-09-18,3cpt/recorrente,1,0,1,59,1,18,1,6,5,0,1,0,2,0
2021-09-18,3cpt/tegtig,1,1,1,63,5,0,0,0,0,4,0,4,5,1
2021-09-18,3cpt/Testing-MassTransit-Courier,1,0,0,22,2,0,0,0,0,0,0,0,0,0
2021-09-19,3cpt/3cpt.github.io,1,0,0,32,2,0,0,0,0,0,0,0,0,0
2021-09-19,3cpt/AndBotBlogger,1,0,0,469,2,0,0,0,0,0,0,0,0,0
2021-09-19,3cpt/andgearbest,2,3,1,77,2,0,0,0,0,1,1,2,4,3
2021-09-19,3cpt/andler-github-webhook,1,0,1,112,2,0,0,1,1,0,1,4,1,1
2021-09-19,3cpt/andlogger,1,0,0,50,3,0,0,0,0,0,0,0,0,0
2021-09-19,3cpt/bookmark-plain-text,1,0,0,4,1,0,0,0,0,0,0,0,0,0
2021-09-19,3cpt/dotfiles,1,1,0,12,2,0,0,0,0,0,1,0,1,0
2021-09-19,3cpt/generic-host-sample,1,1,1,7,1,0,0,0,0,0,0,0,0,0
2021-09-19,3cpt/nexinho,1,0,0,21,1,0,0,0,0,0,0,0,0,0
2021-09-19,3cpt/open-shelter-app,0,0,1,12588,1,0,0,0,0,0,0,3,1,13
2021-09-19,3cpt/potato-state-machine,1,0,0,10,2,0,0,0,0,0,0,0,0,0
2021-09-19,3cpt/recorrente,1,0,1,59,1,0,0,3,3,0,1,0,2,0
2021-09-19,3cpt/tegtig,1,1,1,63,5,0,0,1,1,4,0,4,5,1
2021-09-19,3cpt/Testing-MassTransit-Courier,1,0,0,22,2,0,0,0,0,0,0,0,0,0
2021-09-20,3cpt/3cpt.github.io,1,0,0,32,2,0,0,0,0,0,0,0,0,0
2021-09-20,3cpt/AndBotBlogger,1,0,0,469,2,0,0,0,0,0,0,0,0,0
2021-09-20,3cpt/andgearbest,2,3,1,77,2,0,0,0,0,1,1,2,4,3
2021-09-20,3cpt/andler-github-webhook,1,0,1,112,2,5,1,0,0,0,1,4,1,1
2021-09-20,3cpt/andlogger,1,0,0,50,3,0,0,2,1,0,0,0,0,0
2021-09-20,3cpt/bookmark-plain-text,1,0,0,4,1,0,0,0,0,0,0,0,0,0
2021-09-20,3cpt/dotfiles,1,1,0,12,2,0,0,0,0,0,1,0,1,0
2021-09-20,3cpt/generic-host-sample,1,1,1,7,1,0,0,0,0,0,0,0,0,0
2021-09-20,3cpt/nexinho,1,0,0,21,1,0,0,0,0,0,0,0,0,0
2021-09-20,3cpt/open-shelter-app,0,0,1,12588,1,0,0,0,0,0,0,3,1,13
2021-09-20,3cpt/potato-state-machine,1,0,0,10,2,0,0,0,0,0,0,0,0,0
2021-09-20,3cpt/recorrente,1,0,1,63,1,0,0,0,0,0,1,0,2,0
2021-09-20,3cpt/tegtig,1,1,1,63,5,0,0,0,0,4,0,4,5,1
2021-09-20,3cpt/Testing-MassTransit-Courier,1,0,0,22,2,0,0,0,0,0,0,0,0,0
2021-09-21,3cpt/3cpt.github.io,1,0,0,32,2,0,0,0,0,0,0,0,0,0
2021-09-21,3cpt/AndBotBlogger,1,0,0,469,2,0,0,0,0,0,0,0,0,0
2021-09-21,3cpt/andgearbest,2,3,1,77,2,0,0,0,0,1,1,2,4,3
2021-09-21,3cpt/andler-github-webhook,1,0,1,112,2,0,0,0,0,0,1,4,1,1
2021-09-21,3cpt/andlogger,1,0,0,50,3,0,0,0,0,0,0,0,0,0
2021-09-21,3cpt/bookmark-plain-text,1,0,0,4,1,0,0,0,0,0,0,0,0,0
2021-09-21,3cpt/dotfiles,1,1,0,12,2,0,0,0,0,0,1,0,1,0
2021-09-21,3cpt/generic-host-sample,1,1,1,7,1,0,0,0,0,0,0,0,0,0
2021-09-21,3cpt/nexinho,1,0,0,21,1,0,0,1,1,0,0,0,0,0
2021-09-21,3cpt/open-shelter-app,0,0,1,12588,1,0,0,0,0,0,0,3,1,13
2021-09-21,3cpt/potato-state-machine,1,0,0,10,2,0,0,0,0,0,0,0,0,0
2021-09-21,3cpt/recorrente,1,1,1,63,1,0,0,5,5,0,1,0,2,0
2021-09-21,3cpt/tegtig,1,1,1,63,5,0,0,0,0,4,0,4,5,1
2021-09-21,3cpt/Testing-MassTransit-Courier,1,0,0,22,2,0,0,0,0,0,0,0,0,0
2021-09-22,3cpt/3cpt.github.io,1,0,0,32,2,0,0,0,0,0,0,0,0,0
2021-09-22,3cpt/AndBotBlogger,1,0,0,469,2,0,0,0,0,0,0,0,0,0
2021-09-22,3cpt/andgearbest,2,3,1,77,2,0,0,1,1,1,1,2,4,3
2021-09-22,3cpt/andler-github-webhook,1,0,1,112,2,0,0,0,0,0,1,4,1,1
2021-09-22,3cpt/andlogger,1,0,0,50,3,0,0,0,0,0,0,0,0,0
2021-09-22,3cpt/bookmark-plain-text,1,0,0,4,1,0,0,1,1,0,0,0,0,0
2021-09-22,3cpt/dotfiles,1,1,0,12,2,0,0,0,0,0,1,0,1,0
2021-09-22,3cpt/generic-host-sample,1,1,1,7,1,0,0,0,0,0,0,0,0,0
2021-09-22,3cpt/nexinho,1,0,0,21,1,0,0,0,0,0,0,0,0,0
2021-09-22,3cpt/open-shelter-app,0,0,1,12588,1,0,0,0,0,0,0,3,1,13
2021-09-22,3cpt/potato-state-machine,1,0,0,10,2,0,0,0,0,0,0,0,0,0
2021-09-22,3cpt/recorrente,1,1,2,66,1,11,2,0,0,0,1,0,2,0
2021-09-22,3cpt/tegtig,1,1,1,63,5,0,0,0,0,4,0,4,5,1
2021-09-22,3cpt/Testing-MassTransit-Courier,1,0,0,22,2,0,0,0,0,0,0,0,0,0
2021-09-23,3cpt/3cpt.github.io,1,0,0,32,2,0,0,1,1,0,0,0,0,0
2021-09-23,3cpt/AndBotBlogger,1,0,0,469,2,0,0,0,0,0,0,0,0,0
2021-09-23,3cpt/andgearbest,2,3,1,77,2,0,0,0,0,1,1,2,4,3
2021-09-23,3cpt/andler-github-webhook,1,0,1,112,2,3,1,0,0,0,1,4,1,1
2021-09-23,3cpt/andlogger,1,0,0,50,3,0,0,0,0,0,0,0,0,0
2021-09-23,3cpt/bookmark-plain-text,1,0,0,4,1,0,0,0,0,0,0,0,0,0
2021-09-23,3cpt/dotfiles,1,1,0,12,2,0,0,0,0,0,1,0,1,0
2021-09-23,3cpt/generic-host-sample,1,1,1,7,1,0,0,0,0,0,0,0,0,0
2021-09-23,3cpt/nexinho,1,0,0,21,1,0,0,0,0,0,0,0,0,0
2021-09-23,3cpt/open-shelter-app,0,0,1,12588,1,0,0,0,0,0,0,3,1,13
2021-09-23,3cpt/potato-state-machine,1,0,0,10,2,0,0,0,0,0,0,0,0,0
2021-09-23,3cpt/recorrente,1,2,2,67,1,1,1,2,2,0,1,0,2,0
2021-09-23,3cpt/tegtig,1,1,1,63,5,0,0,0,0,4,0,4,5,1
2021-09-23,3cpt/Testing-MassTransit-Courier,1,0,0,22,2,0,0,0,0,0,0,0,0,0
2021-09-24,3cpt/3cpt.github.io,1,0,0,33,2,0,0,2,2,0,0,0,0,0
2021-09-24,3cpt/AndBotBlogger,1,0,0,469,2,0,0,0,0,0,0,0,0,0
2021-09-24,3cpt/andgearbest,2,3,1,77,2,0,0,0,0,1,1,2,4,3
2021-09-24,3cpt/andler-github-webhook,1,0,1,112,2,0,0,0,0,0,1,4,1,1
2021-09-24,3cpt/andlogger,1,0,0,50,3,0,0,0,0,0,0,0,0,0
2021-09-24,3cpt/bookmark-plain-text,1,0,0,4,1,0,0,0,0,0,0,0,0,0
2021-09-24,3cpt/dotfiles,1,1,0,12,2,0,0,0,0,0,1,0,1,0
2021-09-24,3cpt/generic-host-sample,1,1,1,7,1,0,0,0,0,0,0,0,0,0
2021-09-24,3cpt/nexinho,1,0,0,21,1,0,0,0,0,0,0,0,0,0
2021-09-24,3cpt/open-shelter-app,0,0,1,12588,1,0,0,0,0,0,0,3,1,13
2021-09-24,3cpt/potato-state-machine,1,0,0,10,2,0,0,0,0,0,0,0,0,0
2021-09-24,3cpt/recorrente,1,2,2,70,1,4,2,0,0,0,1,0,2,0
2021-09-24,3cpt/tegtig,1,1,1,63,5,0,0,1,1,4,0,4,5,1
2021-09-24,3cpt/Testing-MassTransit-Courier,1,0,0,22,2,0,0,0,0,0,0,0,0,0
2021-09-25,3cpt/3cpt.github.io,1,0,0,33,2,0,0,0,0,0,0,0,0,0
2021-09-25,3cpt/AndBotBlogger,1,0,0,469,2,0,0,0,0,0,0,0,0,0
2021-09-25,3cpt/andgearbest,2,3,1,77,2,0,0,0,0,1,1,2,4,3
2021-09-25,3cpt/andler-github-webhook,1,0,1,112,2,0,0,0,0,0,1,4,1,1
2021-09-25,3cpt/andlogger,1,0,0,50,3,0,0,0,0,0,0,0,0,0
2021-09-25,3cpt/bookmark-plain-text,1,0,0,4,1,0,0,0,0,0,0,0,0,0
2021-09-25,3cpt/dotfiles,1,1,0,12,2,0,0,0,0,0,1,0,1,0
2021-09-25,3cpt/generic-host-sample,1,1,1,7,1,0,0,0,0,0,0,0,0,0
2021-09-25,3cpt/nexinho,1,0,0,21,1,0,0,0,0,0,0,0,0,0
2021-09-25,3cpt/open-shelter-app,0,0,1,12588,1,0,0,0,0,0,0,3,1,13
2021-09-25,3cpt/potato-state-machine,1,0,0,10,2,0,0,0,0,0,0,0,0,0
2021-09-25,3cpt/recorrente,1,2,2,71,1,2,1,3,3,0,1,0,2,0
2021-09-25,3cpt/tegtig,1,1,1,63,5,0,0,0,0,4,0,4,5,1
2021-09-25,3cpt/Testing-MassTransit-Courier,1,0,0,22,2,0,0,0,0,0,0,0,0,0
2021-09-26,3cpt/3cpt.github.io,1,0,0,33,2,0,0,0,0,0,0,0,0,0
2021-09-26,3cpt/AndBotBlogger,1,0,0,469,2,0,0,0,0,0,0,0,0,0
2021-09-26,3cpt/andgearbest,2,3,1,77,2,0,0,0,0,1,1,2,4,3
2021-09-26,3cpt/andler-github-webhook,1,0,1,112,2,0,0,0,0,0,1,4,1,1
2021-09-26,3cpt/andlogger,1,0,0,50,3,0,0,0,0,0,0,0,0,0
2021-09-26,3cpt/bookmark-plain-text,1,0,0,4,1,0,0,0,0,0,0,0,0,0
2021-09-26,3cpt/dotfiles,1,1,0,12,2,0,0,0,0,0,1,0,1,0
2021-09-26,3cpt/generic-host-sample,1,1,1,7,1,0,0,0,0,0,0,0,0,0
2021-09-26,3cpt/nexinho,1,0,0,21,1,0,0,0,0,0,0,0,0,0
2021-09-26,3cpt/open-shelter-app,0,0,1,12588,1,0,0,0,0,0,0,3,1,13
2021-09-26,3cpt/potato-state-machine,1,0,0,10,2,0,0,0,0,0,0,0,0,0
2021-09-26,3cpt/recorrente,1,2,2,74,1,0,0,3,3,0,1,0,2,0
2021-09-26,3cpt/tegtig,1,1,1,63,5,0,0,0,0,4,0,4,5,1
2021-09-26,3cpt/Testing-MassTransit-Courier,1,0,0,22,2,0,0,0,0,0,0,0,0,0
2021-09-27,3cpt/3cpt.github.io,1,0,0,33,2,0,0,0,0,0,0,0,0,0
2021-09-27,3cpt/AndBotBlogger,1,0,0,469,2,0,0,0,0,0,0,0,0,0
2021-09-27,3cpt/andgearbest,2,3,1,77,2,0,0,0,0,1,1,2,4,3
2021-09-27,3cpt/andler-github-webhook,1,0,1,112,2,1,1,0,0,0,1,4,1,1
2021-09-27,3cpt/andlogger,1,0,0,50,3,0,0,0,0,0,0,0,0,0
2021-09-27,3cpt/bookmark-plain-text,1,0,0,4,1,0,0,0,0,0,0,0,0,0
2021-09-27,3cpt/dotfiles,1,1,0,12,2,0,0,0,0,0,1,0,1,0
2021-09-27,3cpt/generic-host-sample,1,1,1,7,1,0,0,0,0,0,0,0,0,0
2021-09-27,3cpt/nexinho,1,0,0,21,1,0,0,0,0,0,0,0,0,0
2021-09-27,3cpt/open-shelter-app,0,0,1,12588,1,0,0,0,0,0,0,3,1,13
2021-09-27,3cpt/potato-state-machine,1,0,0,10,2,0,0,0,0,0,0,0,0,0
2021-09-27,3cpt/recorrente,1,3,2,75,1,1,1,2,2,0,1,0,2,0
2021-09-27,3cpt/tegtig,1,1,1,63,5,0,0,0,0,4,0,4,5,1
2021-09-27,3cpt/Testing-MassTransit-Courier,1,0,0,22,2,0,0,0,0,0,0,0,0,0
2021-09-28,3cpt/3cpt.github.io,1,0,0,33,2,0,0,1,1,0,0,0,0,0
2021-09-28,3cpt/AndBotBlogger,1,0,0,469,2,0,0,0,0,0,0,0,0,0
2021-09-28,3cpt/andgearbest,2,3,1,77,2,0,0,0,0,1,1,2,4,3
2021-09-28,3cpt/andler-github-webhook,1,0,1,112,2,0,0,0,0,0,1,4,1,1
2021-09-28,3cpt/andlogger,1,0,0,50,3,0,0,0,0,0,0,0,0,0
2021-09-28,3cpt/bookmark-plain-text,1,0,0,4,1,0,0,1,1,0,0,0,0,0
2021-09-28,3cpt/dotfiles,1,1,0,12,2,0,0,0,0,0,1,0,1,0
2021-09-28,3cpt/generic-host-sample,1,1,1,7,1,0,0,0,0,0,0,0,0,0
2021-09-28,3cpt/nexinho,1,0,0,21,1,0,0,0,0,0,0,0,0,0
2021-09-28,3cpt/open-shelter-app,0,0,1,12588,1,0,0,0,0,0,0,3,1,13
2021-09-28,3cpt/potato-state-machine,1,0,0,10,2,0,0,0,0,0,0,0,0,0
2021-09-28,3cpt/recorrente,1,3,2,78,1,0,0,2,2,0,1,0,2,0
2021-09-28,3cpt/tegtig,1,1,1,63,5,0,0,0,0,4,0,4,5,1
2021-09-28,3cpt/Testing-MassTransit-Courier,1,0,0,22,2,0,0,0,0,0,0,0,0,0
2021-09-29,3cpt/3cpt.github.io,1,0,0,33,2,0,0,0,0,0,0,0,0,0
2021-09-29,3cpt/AndBotBlogger,1,0,0,469,2,0,0,0,0,0,0,0,0,0
2021-09-29,3cpt/andgearbest,2,3,1,77,2,0,0,0,0,1,1,2,4,3
2021-09-29,3cpt/andler-github-webhook,1,0,1,112,2,0,0,0,0,0,1,4,1,1
2021-09-29,3cpt/andlogger,1,0,0,50,3,0,0,0,0,0,0,0,0,0
2021-09-29,3cpt/bookmark-plain-text,1,0,0,4,1,0,0,0,0,0,0,0,0,0
2021-09-29,3cpt/dotfiles,1,1,0,12,2,0,0,0,0,0,1,0,1,0
2021-09-29,3cpt/generic-host-sample,1,1,1,7,1,0,0,0,0,0,0,0,0,0
2021-09-29,3cpt/nexinho,1,0,0,27,1,0,0,0,0,0,0,0,0,0
2021-09-29,3cpt/open-shelter-app,0,0,1,12588,1,0,0,0,0,0,0,3,1,13
2021-09-29,3cpt/potato-state-machine,1,0,0,10,2,0,0,0,0,0,0,0,0,0
2021-09-29,3cpt/recorrente,1,3,2,79,1,0,0,1,1,0,1,0,2,0
2021-09-29,3cpt/tegtig,1,1,1,63,5,0,0,0,0,4,0,4,5,1
2021-09-29,3cpt/Testing-MassTransit-Courier,1,0,0,22,2,0,0,0,0,0,0,0,0,0
2021-09-30,3cpt/3cpt.github.io,1,0,0,33,2,0,0,0,0,0,0,0,0,0
2021-09-30,3cpt/AndBotBlogger,1,0,0,469,2,0,0,0,0,0,0,0,0,0
2021-09-30,3cpt/andgearbest,2,3,1,77,2,0,0,0,0,1,1,2,4,3
2021-09-30,3cpt/andler-github-webhook,1,0,1,112,2,4,2,0,0,0,1,4,1,1
2021-09-30,3cpt/andlogger,1,0,0,50,3,0,0,0,0,0,0,0,0,0
2021-09-30,3cpt/bookmark-plain-text,1,0,0,4,1,0,0,0,0,0,0,0,0,0
2021-09-30,3cpt/dotfiles,1,1,0,12,2,0,0,0,0,0,1,0,1,0
2021-09-30,3cpt/generic-host-sample,1,1,1,7,1,0,0,0,0,0,0,0,0,0
2021-09-30,3cpt/nexinho,1,0,0,26,1,0,0,0,0,0,0,0,1,0
2021-09-30,3cpt/open-shelter-app,0,0,1,12588,1,0,0,0,0,0,0,3,1,13
2021-09-30,3cpt/potato-state-machine,1,0,0,10,2,0,0,0,0,0,0,0,0,0
2021-09-30,3cpt/recorrente,1,3,2,83,1,19,1,1,1,0,1,0,2,0
2021-09-30,3cpt/tegtig,1,1,1,63,5,0,0,0,0,4,0,4,5,1
2021-09-30,3cpt/Testing-MassTransit-Courier,1,0,0,22,2,0,0,0,0,0,0,0,0,0
2021-10-01,3cpt/3cpt.github.io,1,0,0,33,2,0,0,0,0,0,0,0,0,0
2021-10-01,3cpt/AndBotBlogger,1,0,0,469,2,0,0,0,0,0,0,0,0,0
2021-10-01,3cpt/andgearbest,2,3,1,77,2,0,0,0,0,1,1,2,4,3
2021-10-01,3cpt/andler-github-webhook,1,0,1,112,2,0,0,0,0,0,1,4,1,1
2021-10-01,3cpt/andlogger,1,0,0,50,3,0,0,0,0,0,0,0,0,0
2021-10-01,3cpt/bookmark-plain-text,1,0,0,4,1,0,0,0,0,0,0,0,0,0
2021-10-01,3cpt/dotfiles,1,1,0,12,2,0,0,0,0,0,1,0,1,0
2021-10-01,3cpt/generic-host-sample,1,1,1,7,1,0,0,0,0,0,0,0,0,0
2021-10-01,3cpt/nexinho,1,0,0,26,1,0,0,1,1,0,0,0,1,0
2021-10-01,3cpt/open-shelter-app,0,0,1,12588,1,0,0,5,3,0,0,3,1,13
2021-10-01,3cpt/potato-state-machine,1,0,0,10,2,0,0,0,0,0,0,0,0,0
2021-10-01,3cpt/recorrente,1,3,2,84,1,0,0,2,2,0,1,0,2,0
2021-10-01,3cpt/tegtig,1,1,1,63,5,0,0,0,0,4,0,4,5,1
2021-10-01,3cpt/Testing-MassTransit-Courier,1,0,0,22,2,0,0,0,0,0,0,0,0,0
2021-10-02,3cpt/3cpt.github.io,1,0,0,33,2,0,0,0,0,0,0,0,0,0
2021-10-02,3cpt/AndBotBlogger,1,0,0,469,2,0,0,0,0,0,0,0,0,0
2021-10-02,3cpt/andgearbest,2,3,1,77,2,0,0,0,0,1,1,2,4,3
2021-10-02,3cpt/andler-github-webhook,1,0,1,112,2,0,0,0,0,0,1,4,1,1
2021-10-02,3cpt/andlogger,1,0,0,50,3,0,0,0,0,0,0,0,0,0
2021-10-02,3cpt/bookmark-plain-text,1,0,0,4,1,0,0,0,0,0,0,0,0,0
2021-10-02,3cpt/dotfiles,1,1,0,12,2,0,0,0,0,0,1,0,1,0
2021-10-02,3cpt/generic-host-sample,1,1,1,7,1,0,0,0,0,0,0,0,0,0
2021-10-02,3cpt/nexinho,1,0,0,26,1,0,0,0,0,0,0,0,1,0
2021-10-02,3cpt/open-shelter-app,0,0,1,12588,1,0,0,0,0,0,0,3,1,13
2021-10-02,3cpt/potato-state-machine,1,0,0,10,2,0,0,0,0,0,0,0,0,0
2021-10-02,3cpt/recorrente,1,3,2,87,1,0,0,3,3,0,1,0,2,0
2021-10-02,3cpt/tegtig,1,1,1,63,5,0,0,0,0,4,0,4,5,1
2021-10-02,3cpt/Testing-MassTransit-Courier,1,0,0,22,2,0,0,0,0,0,0,0,0,0
2021-10-03,3cpt/3cpt.github.io,1,0,0,33,2,2,1,0,0,0,0,0,0,0
2021-10-03,3cpt/AndBotBlogger,1,0,0,469,2,0,0,0,0,0,0,0,0,0
2021-10-03,3cpt/andgearbest,2,3,1,77,2,1,1,0,0,1,1,2,4,3
2021-10-03,3cpt/andler-github-webhook,1,0,1,112,2,0,0,0,0,0,1,4,1,1
2021-10-03,3cpt/andlogger,1,0,0,50,3,0,0,0,0,0,0,0,0,0
2021-10-03,3cpt/bookmark-plain-text,1,0,0,4,1,0,0,0,0,0,0,0,0,0
2021-10-03,3cpt/dotfiles,1,1,0,12,2,0,0,0,0,0,1,0,1,0
2021-10-03,3cpt/generic-host-sample,1,1,1,7,1,8,1,0,0,0,0,0,0,0
2021-10-03,3cpt/nexinho,1,0,0,26,1,0,0,0,0,0,0,0,1,0
2021-10-03,3cpt/open-shelter-app,0,0,1,12588,1,0,0,0,0,0,0,3,1,13
2021-10-03,3cpt/potato-state-machine,1,0,0,10,2,0,0,0,0,0,0,0,0,0
2021-10-03,3cpt/recorrente,1,3,2,88,1,2,1,5,5,0,1,0,2,0
2021-10-03,3cpt/tegtig,1,1,1,63,5,0,0,0,0,4,0,4,5,1
2021-10-03,3cpt/Testing-MassTransit-Courier,1,0,0,22,2,0,0,0,0,0,0,0,0,0
2021-10-04,3cpt/3cpt.github.io,1,0,0,33,2,0,0,0,0,0,0,0,0,0
2021-10-04,3cpt/AndBotBlogger,1,0,0,469,2,0,0,0,0,0,0,0,0,0
2021-10-04,3cpt/andgearbest,2,3,1,77,2,0,0,0,0,1,1,2,4,3
2021-10-04,3cpt/andler-github-webhook,1,0,1,112,2,0,0,0,0,0,1,4,1,1
2021-10-04,3cpt/andlogger,1,0,0,50,3,0,0,0,0,0,0,0,0,0
2021-10-04,3cpt/bookmark-plain-text,1,0,0,4,1,0,0,0,0,0,0,0,0,0
2021-10-04,3cpt/dotfiles,1,1,0,12,2,0,0,1,1,0,1,0,1,0
2021-10-04,3cpt/generic-host-sample,1,1,1,7,1,0,0,0,0,0,0,0,0,0
2021-10-04,3cpt/nexinho,1,0,0,26,1,0,0,0,0,0,0,0,1,0
2021-10-04,3cpt/open-shelter-app,0,0,1,12588,1,0,0,0,0,0,0,3,1,13
2021-10-04,3cpt/potato-state-machine,1,0,0,10,2,0,0,0,0,0,0,0,0,0
2021-10-04,3cpt/recorrente,1,3,2,92,1,0,0,3,3,0,1,0,2,0
2021-10-04,3cpt/tegtig,1,1,1,63,5,0,0,0,0,4,0,4,5,1
2021-10-04,3cpt/Testing-MassTransit-Courier,1,0,0,22,2,0,0,0,0,0,0,0,0,0
2021-10-05,3cpt/3cpt.github.io,1,0,0,33,2,0,0,1,1,0,0,0,0,0
2021-10-05,3cpt/AndBotBlogger,1,0,0,469,2,0,0,0,0,0,0,0,0,0
2021-10-05,3cpt/andgearbest,2,3,1,77,2,0,0,0,0,1,1,2,4,3
2021-10-05,3cpt/andler-github-webhook,1,0,1,112,2,0,0,0,0,0,1,4,1,1
2021-10-05,3cpt/andlogger,1,0,0,50,3,0,0,0,0,0,0,0,0,0
2021-10-05,3cpt/bookmark-plain-text,1,0,0,4,1,0,0,0,0,0,0,0,0,0
2021-10-05,3cpt/dotfiles,1,1,0,12,2,0,0,0,0,0,1,0,1,0
2021-10-05,3cpt/generic-host-sample,1,1,1,7,1,0,0,0,0,0,0,0,0,0
2021-10-05,3cpt/nexinho,1,0,0,26,1,0,0,1,1,0,0,0,1,0
2021-10-05,3cpt/open-shelter-app,0,0,1,12588,1,0,0,0,0,0,0,3,1,13
2021-10-05,3cpt/potato-state-machine,1,0,0,10,2,0,0,0,0,0,0,0,0,0
2021-10-05,3cpt/recorrente,1,3,2,93,1,0,0,5,5,0,1,0,2,0
2021-10-05,3cpt/tegtig,1,1,1,63,5,0,0,0,0,4,0,4,5,1
2021-10-05,3cpt/Testing-MassTransit-Courier,1,0,0,22,2,0,0,0,0,0,0,0,0,0
2021-10-06,3cpt/3cpt.github.io,1,0,0,33,2,0,0,0,0,0,0,0,0,0
2021-10-06,3cpt/AndBotBlogger,1,0,0,469,2,0,0,0,0,0,0,0,0,0
2021-10-06,3cpt/andgearbest,2,3,1,77,2,0,0,0,0,1,1,2,4,3
2021-10-06,3cpt/andler-github-webhook,1,0,1,112,2,0,0,0,0,0,1,4,1,1
2021-10-06,3cpt/andlogger,1,0,0,50,3,0,0,0,0,0,0,0,0,0
2021-10-06,3cpt/bookmark-plain-text,1,0,0,4,1,0,0,0,0,0,0,0,0,0
2021-10-06,3cpt/dotfiles,1,1,0,12,2,0,0,0,0,0,1,0,1,0
2021-10-06,3cpt/generic-host-sample,1,1,1,7,1,0,0,0,0,0,0,0,0,0
2021-10-06,3cpt/nexinho,1,0,0,26,1,0,0,0,0,0,0,0,1,0
2021-10-06,3cpt/open-shelter-app,0,0,1,12588,1,0,0,0,0,0,0,3,1,13
2021-10-06,3cpt/potato-state-machine,1,0,0,10,2,0,0,0,0,0,0,0,0,0
2021-10-06,3cpt/recorrente,1,4,2,97,1,2,1,6,5,0,1,0,2,0
2021-10-06,3cpt/tegtig,1,1,1,63,5,0,0,0,0,4,0,4,5,1
2021-10-06,3cpt/Testing-MassTransit-Courier,1,0,0,22,2,0,0,0,0,0,0,0,0,0
2021-10-07,3cpt/3cpt.github.io,1,0,0,33,2,0,0,0,0,0,0,0,0,0
2021-10-07,3cpt/AndBotBlogger,1,0,0,469,2,0,0,0,0,0,0,0,0,0
2021-10-07,3cpt/andgearbest,2,3,1,77,2,0,0,0,0,1,1,2,4,3
2021-10-07,3cpt/andler-github-webhook,1,0,1,112,2,0,0,0,0,0,1,4,1,1
2021-10-07,3cpt/andlogger,1,0,0,50,3,0,0,0,0,0,0,0,0,0
2021-10-07,3cpt/bookmark-plain-text,1,0,0,4,1,0,0,0,0,0,0,0,0,0
2021-10-07,3cpt/dotfiles,1,1,0,12,2,0,0,0,0,0,1,0,1,0
2021-10-07,3cpt/generic-host-sample,1,1,1,7,1,0,0,0,0,0,0,0,0,0
2021-10-07,3cpt/nexinho,1,0,0,26,1,0,0,0,0,0,0,0,1,0
2021-10-07,3cpt/open-shelter-app,0,0,1,12588,1,0,0,0,0,0,0,3,1,13
2021-10-07,3cpt/potato-state-machine,1,0,0,10,2,0,0,0,0,0,0,0,0,0
2021-10-07,3cpt/recorrente,1,4,2,98,1,11,2,2,2,0,1,0,2,0
2021-10-07,3cpt/tegtig,1,1,1,63,5,0,0,0,0,4,0,4,5,1
2021-10-07,3cpt/Testing-MassTransit-Courier,1,0,0,22,2,0,0,0,0,0,0,0,0,0
2021-10-08,3cpt/3cpt.github.io,1,0,0,33,2,0,0,0,0,0,0,0,0,0
2021-10-08,3cpt/AndBotBlogger,1,0,0,469,2,0,0,1,1,0,0,0,0,0
2021-10-08,3cpt/andgearbest,2,3,1,77,2,0,0,0,0,1,1,2,4,3
2021-10-08,3cpt/andler-github-webhook,1,0,1,112,2,0,0,1,1,0,1,4,1,1
2021-10-08,3cpt/andlogger,1,0,0,50,3,0,0,1,1,0,0,0,0,0
2021-10-08,3cpt/bookmark-plain-text,1,0,0,4,1,0,0,0,0,0,0,0,0,0
2021-10-08,3cpt/dotfiles,1,1,0,12,2,0,0,0,0,0,1,0,1,0
2021-10-08,3cpt/generic-host-sample,1,1,1,7,1,0,0,0,0,0,0,0,0,0
2021-10-08,3cpt/nexinho,1,0,0,26,1,0,0,0,0,0,0,0,1,0
2021-10-08,3cpt/open-shelter-app,0,0,1,12588,1,0,0,0,0,0,0,3,1,13
2021-10-08,3cpt/potato-state-machine,1,0,0,10,2,0,0,0,0,0,0,0,0,0
2021-10-08,3cpt/recorrente,1,5,2,101,1,4,2,3,3,0,1,0,2,0
2021-10-08,3cpt/tegtig,1,1,1,63,5,0,0,0,0,4,0,4,5,1
2021-10-08,3cpt/Testing-MassTransit-Courier,1,0,0,22,2,0,0,1,1,0,0,0,0,0
2021-10-09,3cpt/3cpt.github.io,1,0,0,33,2,0,0,0,0,0,0,0,0,0
2021-10-09,3cpt/AndBotBlogger,1,0,0,469,2,0,0,0,0,0,0,0,0,0
2021-10-09,3cpt/andgearbest,2,3,1,77,2,0,0,0,0,1,1,2,4,3
2021-10-09,3cpt/andler-github-webhook,1,0,1,112,2,0,0,0,0,0,1,4,1,1
2021-10-09,3cpt/andlogger,1,0,0,50,3,0,0,0,0,0,0,0,0,0
2021-10-09,3cpt/bookmark-plain-text,1,0,0,4,1,0,0,0,0,0,0,0,0,0
2021-10-09,3cpt/dotfiles,1,1,0,12,2,0,0,0,0,0,1,0,1,0
2021-10-09,3cpt/generic-host-sample,1,1,1,7,1,0,0,0,0,0,0,0,0,0
2021-10-09,3cpt/nexinho,1,0,0,26,1,0,0,0,0,0,0,0,1,0
2021-10-09,3cpt/open-shelter-app,0,0,1,12588,1,0,0,0,0,0,0,3,1,13
2021-10-09,3cpt/potato-state-machine,1,0,0,10,2,0,0,0,0,0,0,0,0,0
2021-10-09,3cpt/recorrente,1,5,2,102,1,0,0,3,3,0,1,0,2,0
2021-10-09,3cpt/tegtig,1,1,1,63,5,0,0,0,0,4,0,4,5,1
2021-10-09,3cpt/Testing-MassTransit-Courier,1,0,0,22,2,0,0,0,0,0,0,0,0,0
2021-10-10,3cpt/3cpt.github.io,1,0,0,33,2,0,0,0,0,0,0,0,0,0
2021-10-10,3cpt/AndBotBlogger,1,0,0,469,2,0,0,0,0,0,0,0,0,0
2021-10-10,3cpt/andgearbest,2,3,1,77,2,0,0,0,0,1,1,2,4,3
2021-10-10,3cpt/andler-github-webhook,1,0,1,112,2,0,0,0,0,0,1,4,1,1
2021-10-10,3cpt/andlogger,1,0,0,50,3,0,0,0,0,0,0,0,0,0
2021-10-10,3cpt/bookmark-plain-text,1,0,0,4,1,0,0,0,0,0,0,0,0,0
2021-10-10,3cpt/dotfiles,1,1,0,12,2,0,0,0,0,0,1,0,1,0
2021-10-10,3cpt/generic-host-sample,1,1,1,7,1,0,0,0,0,0,0,0,0,0
2021-10-10,3cpt/nexinho,1,0,0,35,1,0,0,4,4,0,0,0,1,0
2021-10-10,3cpt/open-shelter-app,0,0,1,12588,1,0,0,0,0,0,0,3,1,13
2021-10-10,3cpt/potato-state-machine,1,0,0,10,2,0,0,0,0,0,0,0,0,0
2021-10-10,3cpt/recorrente,1,5,2,107,1,0,0,4,4,0,1,0,2,0
2021-10-10,3cpt/tegtig,1,1,1,63,5,0,0,0,0,4,0,4,5,1
2021-10-10,3cpt/Testing-MassTransit-Courier,1,0,0,22,2,0,0,0,0,0,0,0,0,0
2021-10-11,3cpt/3cpt.github.io,1,0,0,33,2,0,0,0,0,0,0,0,0,0
2021-10-11,3cpt/AndBotBlogger,1,0,0,469,2,0,0,0,0,0,0,0,0,0
2021-10-11,3cpt/andgearbest,2,3,1,77,2,0,0,0,0,1,1,2,4,3
2021-10-11,3cpt/andler-github-webhook,1,0,1,112,2,0,0,0,0,0,1,4,1,1
2021-10-11,3cpt/andlogger,1,0,0,50,3,0,0,0,0,0,0,0,0,0
2021-10-11,3cpt/bookmark-plain-text,1,0,0,4,1,0,0,2,1,0,0,0,0,0
2021-10-11,3cpt/dotfiles,1,1,0,12,2,0,0,0,0,0,1,0,1,0
2021-10-11,3cpt/generic-host-sample,1,1,1,7,1,0,0,0,0,0,0,0,0,0
2021-10-11,3cpt/nexinho,1,0,0,35,1,0,0,0,0,0,0,0,1,0
2021-10-11,3cpt/open-shelter-app,0,0,1,12588,1,0,0,0,0,0,0,3,1,13
2021-10-11,3cpt/potato-state-machine,1,0,0,10,2,0,0,0,0,0,0,0,0,0
2021-10-11,3cpt/recorrente,1,5,2,108,1,0,0,4,4,0,1,0,2,0
2021-10-11,3cpt/tegtig,1,1,1,63,5,0,0,0,0,4,0,4,5,1
2021-10-11,3cpt/Testing-MassTransit-Courier,1,0,0,22,2,0,0,0,0,0,0,0,0,0
2021-10-12,3cpt/3cpt.github.io,1,0,0,33,2,0,0,0,0,0,0,0,0,0
2021-10-12,3cpt/AndBotBlogger,1,0,0,469,2,0,0,0,0,0,0,0,0,0
2021-10-12,3cpt/andgearbest,2,3,1,77,2,0,0,1,1,1,1,2,4,3
2021-10-12,3cpt/andler-github-webhook,1,0,1,112,2,0,0,0,0,0,1,4,1,1
2021-10-12,3cpt/andlogger,1,0,0,50,3,0,0,0,0,0,0,0,0,0
2021-10-12,3cpt/bookmark-plain-text,1,0,0,4,1,0,0,0,0,0,0,0,0,0
2021-10-12,3cpt/dotfiles,1,1,0,12,2,0,0,0,0,0,1,0,1,0
2021-10-12,3cpt/generic-host-sample,1,1,1,7,1,0,0,0,0,0,0,0,0,0
2021-10-12,3cpt/nexinho,1,0,0,35,1,0,0,0,0,0,0,0,1,0
2021-10-12,3cpt/open-shelter-app,0,0,1,12588,1,0,0,1,1,0,0,3,1,13
2021-10-12,3cpt/potato-state-machine,1,0,0,10,2,0,0,0,0,0,0,0,0,0
2021-10-12,3cpt/recorrente,1,5,2,112,1,0,0,3,3,0,1,0,2,0
2021-10-12,3cpt/tegtig,1,1,1,63,5,0,0,0,0,4,0,4,5,1
2021-10-12,3cpt/Testing-MassTransit-Courier,1,0,0,22,2,0,0,0,0,0,0,0,0,0
2021-10-13,3cpt/3cpt.github.io,1,0,0,33,2,0,0,0,0,0,0,0,0,0
2021-10-13,3cpt/AndBotBlogger,1,0,0,469,2,0,0,0,0,0,0,0,0,0
2021-10-13,3cpt/andgearbest,2,3,1,77,2,0,0,0,0,1,1,2,4,3
2021-10-13,3cpt/andler-github-webhook,1,0,1,112,2,0,0,0,0,0,1,4,1,1
2021-10-13,3cpt/andlogger,1,0,0,50,3,0,0,0,0,0,0,0,0,0
2021-10-13,3cpt/bookmark-plain-text,1,0,0,4,1,0,0,0,0,0,0,0,0,0
2021-10-13,3cpt/dotfiles,1,1,0,12,2,0,0,0,0,0,1,0,1,0
2021-10-13,3cpt/generic-host-sample,1,1,1,7,1,0,0,0,0,0,0,0,0,0
2021-10-13,3cpt/nexinho,1,0,0,35,1,0,0,0,0,0,0,0,1,0
2021-10-13,3cpt/open-shelter-app,0,0,1,12588,1,0,0,0,0,0,0,3,1,13
2021-10-13,3cpt/potato-state-machine,1,0,0,10,2,0,0,0,0,0,0,0,0,0
2021-10-13,3cpt/recorrente,1,5,2,113,1,0,0,2,2,0,1,0,2,0
2021-10-13,3cpt/tegtig,1,1,1,63,5,0,0,0,0,4,0,4,5,1
2021-10-13,3cpt/Testing-MassTransit-Courier,1,0,0,22,2,0,0,0,0,0,0,0,0,0
2021-10-14,3cpt/3cpt,1,0,0,3,2,3,1,9,6,0,0,0,0,0
2021-10-14,3cpt/3cpt.github.io,1,0,0,33,2,0,0,0,0,0,0,0,0,0
2021-10-14,3cpt/AndBotBlogger,1,0,0,469,2,0,0,0,0,0,0,0,0,0
2021-10-14,3cpt/andgearbest,2,3,1,77,2,0,0,0,0,1,1,2,4,3
2021-10-14,3cpt/andler-github-webhook,1,0,1,112,2,0,0,0,0,0,1,4,1,1
2021-10-14,3cpt/andlogger,1,0,0,50,3,0,0,0,0,0,0,0,0,0
2021-10-14,3cpt/bookmark-plain-text,1,0,0,4,1,0,0,0,0,0,0,0,0,0
2021-10-14,3cpt/dotfiles,1,1,0,12,2,0,0,0,0,0,1,0,1,0
2021-10-14,3cpt/generic-host-sample,1,1,1,7,1,0,0,0,0,0,0,0,0,0
2021-10-14,3cpt/nexinho,1,0,0,38,1,0,0,5,3,1,0,0,2,0
2021-10-14,3cpt/open-shelter-app,0,0,1,12588,1,0,0,0,0,0,0,3,1,13
2021-10-14,3cpt/potato-state-machine,1,0,0,10,2,0,0,0,0,0,0,0,0,0
2021-10-14,3cpt/recorrente,1,5,2,117,1,0,0,2,2,0,1,0,2,0
2021-10-14,3cpt/tegtig,1,1,1,63,5,0,0,0,0,4,0,4,5,1
2021-10-14,3cpt/Testing-MassTransit-Courier,1,0,0,22,2,0,0,1,1,0,0,0,0,0
2021-10-15,3cpt/3cpt,1,0,0,3,2,1,1,41,1,0,0,0,0,0
2021-10-15,3cpt/3cpt.github.io,1,0,0,33,2,0,0,0,0,0,0,0,0,0
2021-10-15,3cpt/AndBotBlogger,1,0,0,469,2,0,0,0,0,0,0,0,0,0
2021-10-15,3cpt/andgearbest,2,3,1,77,2,0,0,0,0,1,1,2,4,3
2021-10-15,3cpt/andler-github-webhook,1,0,1,112,2,1,1,0,0,0,1,4,1,1
2021-10-15,3cpt/andlogger,1,0,0,50,3,0,0,0,0,0,0,0,0,0
2021-10-15,3cpt/bookmark-plain-text,1,0,0,4,1,0,0,0,0,0,0,0,0,0
2021-10-15,3cpt/dotfiles,1,1,0,12,2,0,0,0,0,0,1,0,1,0
2021-10-15,3cpt/generic-host-sample,1,1,1,7,1,0,0,0,0,0,0,0,0,0
2021-10-15,3cpt/nexinho,1,0,0,38,1,14,2,0,0,1,0,0,2,0
2021-10-15,3cpt/open-shelter-app,0,0,1,12588,1,0,0,0,0,0,0,3,1,13
2021-10-15,3cpt/potato-state-machine,1,0,0,10,2,0,0,0,0,0,0,0,0,0
2021-10-15,3cpt/recorrente,1,5,2,119,1,0,0,2,2,0,1,0,2,0
2021-10-15,3cpt/tegtig,1,1,1,63,5,0,0,0,0,4,0,4,5,1
2021-10-15,3cpt/Testing-MassTransit-Courier,1,0,0,22,2,0,0,0,0,0,0,0,0,0
2021-10-16,3cpt/3cpt,1,0,0,3,2,1,1,41,1,0,0,0,0,0
2021-10-16,3cpt/3cpt.github.io,1,0,0,33,2,0,0,0,0,0,0,0,0,0
2021-10-16,3cpt/AndBotBlogger,1,0,0,469,2,0,0,0,0,0,0,0,0,0
2021-10-16,3cpt/andgearbest,2,3,1,77,2,0,0,0,0,1,1,2,4,3
2021-10-16,3cpt/andler-github-webhook,1,0,1,112,2,0,0,0,0,0,1,4,1,1
2021-10-16,3cpt/andlogger,1,0,0,50,3,0,0,0,0,0,0,0,0,0
2021-10-16,3cpt/bookmark-plain-text,1,0,0,4,1,0,0,0,0,0,0,0,0,0
2021-10-16,3cpt/dotfiles,1,1,0,12,2,0,0,0,0,0,1,0,1,0
2021-10-16,3cpt/generic-host-sample,1,1,1,7,1,0,0,0,0,0,0,0,0,0
2021-10-16,3cpt/nexinho,1,0,0,39,1,0,0,3,3,1,0,0,2,0
2021-10-16,3cpt/open-shelter-app,0,0,1,12588,1,0,0,0,0,0,0,3,1,13
2021-10-16,3cpt/potato-state-machine,1,0,0,10,2,0,0,0,0,0,0,0,0,0
2021-10-16,3cpt/recorrente,1,5,2,123,1,0,0,2,2,0,1,0,2,0
2021-10-16,3cpt/tegtig,1,1,1,63,5,0,0,0,0,4,0,4,5,1
2021-10-16,3cpt/Testing-MassTransit-Courier,1,0,0,22,2,0,0,1,1,0,0,0,0,0
2021-10-17,3cpt/3cpt,1,0,0,3,2,0,0,42,2,0,0,0,0,0
2021-10-17,3cpt/3cpt.github.io,1,0,0,33,2,0,0,1,1,0,0,0,0,0
2021-10-17,3cpt/AndBotBlogger,1,0,0,469,2,0,0,0,0,0,0,0,0,0
2021-10-17,3cpt/andgearbest,2,3,1,77,2,0,0,1,1,1,1,2,4,3
2021-10-17,3cpt/andler-github-webhook,1,0,1,112,2,0,0,0,0,0,1,4,1,1
2021-10-17,3cpt/andlogger,1,0,0,50,3,0,0,0,0,0,0,0,0,0
2021-10-17,3cpt/bookmark-plain-text,1,0,0,4,1,0,0,0,0,0,0,0,0,0
2021-10-17,3cpt/dotfiles,1,1,0,12,2,0,0,0,0,0,1,0,1,0
2021-10-17,3cpt/generic-host-sample,1,1,1,7,1,0,0,0,0,0,0,0,0,0
2021-10-17,3cpt/nexinho,1,0,0,39,1,0,0,1,1,1,0,0,2,0
2021-10-17,3cpt/open-shelter-app,0,0,1,12588,1,0,0,0,0,0,0,3,1,13
2021-10-17,3cpt/potato-state-machine,1,0,0,10,2,0,0,0,0,0,0,0,0,0
2021-10-17,3cpt/recorrente,1,5,2,124,1,6,1,4,4,0,1,0,2,0
2021-10-17,3cpt/tegtig,1,1,1,63,5,0,0,1,1,4,0,4,5,1
2021-10-17,3cpt/Testing-MassTransit-Courier,1,0,0,22,2,0,0,0,0,0,0,0,0,0
2021-10-18,3cpt/3cpt,1,0,0,3,2,0,0,41,1,0,0,0,0,0
2021-10-18,3cpt/3cpt.github.io,1,0,0,33,2,0,0,0,0,0,0,0,0,0
2021-10-18,3cpt/AndBotBlogger,1,0,0,469,2,0,0,0,0,0,0,0,0,0
2021-10-18,3cpt/andgearbest,2,3,1,77,2,0,0,0,0,1,1,2,4,3
2021-10-18,3cpt/andler-github-webhook,1,0,1,112,2,0,0,0,0,0,1,4,1,1
2021-10-18,3cpt/andlogger,1,0,0,50,3,0,0,0,0,0,0,0,0,0
2021-10-18,3cpt/bookmark-plain-text,1,0,0,4,1,0,0,0,0,0,0,0,0,0
2021-10-18,3cpt/dotfiles,1,1,0,12,2,0,0,0,0,0,1,0,1,0
2021-10-18,3cpt/generic-host-sample,1,1,1,7,1,0,0,0,0,0,0,0,0,0
2021-10-18,3cpt/nexinho,1,0,0,39,1,7,1,0,0,1,0,0,2,0
2021-10-18,3cpt/open-shelter-app,0,0,1,12588,1,0,0,0,0,0,0,3,1,13
2021-10-18,3cpt/potato-state-machine,1,0,0,10,2,0,0,0,0,0,0,0,0,0
2021-10-18,3cpt/recorrente,1,5,2,128,1,3,1,3,3,0,1,0,2,0
2021-10-18,3cpt/tegtig,1,1,1,63,5,0,0,0,0,4,0,4,5,1
2021-10-18,3cpt/Testing-MassTransit-Courier,1,0,0,22,2,0,0,0,0,0,0,0,0,0
2021-10-19,3cpt/3cpt,1,0,0,4,2,0,0,44,4,0,0,0,0,0
2021-10-19,3cpt/3cpt.github.io,1,0,0,33,2,0,0,0,0,0,0,0,0,0
2021-10-19,3cpt/AndBotBlogger,1,0,0,469,2,1,1,0,0,0,0,0,0,0
2021-10-19,3cpt/andgearbest,2,3,1,77,2,0,0,0,0,1,1,2,4,3
2021-10-19,3cpt/andler-github-webhook,1,0,1,112,2,0,0,0,0,0,1,4,1,1
2021-10-19,3cpt/andlogger,1,0,0,50,3,0,0,0,0,0,0,0,0,0
2021-10-19,3cpt/bookmark-plain-text,1,0,0,4,1,0,0,0,0,0,0,0,0,0
2021-10-19,3cpt/dotfiles,1,1,0,12,2,0,0,0,0,0,1,0,1,0
2021-10-19,3cpt/generic-host-sample,1,1,1,7,1,0,0,0,0,0,0,0,0,0
2021-10-19,3cpt/nexinho,1,0,0,39,1,0,0,0,0,1,0,0,2,0
2021-10-19,3cpt/open-shelter-app,0,0,1,12588,1,0,0,0,0,0,0,3,1,13
2021-10-19,3cpt/potato-state-machine,1,0,0,10,2,0,0,0,0,0,0,0,0,0
2021-10-19,3cpt/recorrente,1,5,2,130,1,0,0,4,4,0,1,0,2,0
2021-10-19,3cpt/repo-score-py,1,0,0,3,1,4,1,4,4,0,0,0,0,0
2021-10-19,3cpt/tegtig,1,1,1,63,5,0,0,0,0,4,0,4,5,1
2021-10-19,3cpt/Testing-MassTransit-Courier,1,0,0,22,2,0,0,0,0,0,0,0,0,0
2021-10-20,3cpt/3cpt,1,0,0,4,2,0,0,42,2,0,0,0,0,0
2021-10-20,3cpt/3cpt.github.io,1,0,0,33,2,0,0,1,1,0,0,0,0,0
2021-10-20,3cpt/AndBotBlogger,1,0,0,469,2,0,0,0,0,0,0,0,0,0
2021-10-20,3cpt/andgearbest,2,3,1,77,2,0,0,0,0,1,1,2,4,3
2021-10-20,3cpt/andler-github-webhook,1,0,1,112,2,0,0,1,1,0,1,4,1,1
2021-10-20,3cpt/andlogger,1,0,0,50,3,0,0,0,0,0,0,0,0,0
2021-10-20,3cpt/bookmark-plain-text,1,0,0,4,1,0,0,0,0,0,0,0,0,0
2021-10-20,3cpt/dotfiles,1,1,0,12,2,0,0,0,0,0,1,0,1,0
2021-10-20,3cpt/generic-host-sample,1,1,1,7,1,0,0,0,0,0,0,0,0,0
2021-10-20,3cpt/nexinho,1,0,0,39,1,1,1,0,0,1,0,0,2,0
2021-10-20,3cpt/open-shelter-app,0,0,1,12588,1,0,0,0,0,0,0,3,1,13
2021-10-20,3cpt/potato-state-machine,1,0,0,10,2,0,0,0,0,0,0,0,0,0
2021-10-20,3cpt/recorrente,1,5,2,134,1,0,0,3,3,0,1,0,2,0
2021-10-20,3cpt/repo-score-py,1,0,0,3,1,0,0,1,1,0,0,0,0,0
2021-10-20,3cpt/tegtig,1,1,1,63,5,0,0,0,0,4,0,4,5,1
2021-10-20,3cpt/Testing-MassTransit-Courier,1,0,0,22,2,0,0,0,0,0,0,0,0,0
2021-10-21,3cpt/3cpt,1,0,0,4,2,0,0,41,2,0,0,0,0,0
2021-10-21,3cpt/3cpt.github.io,1,0,0,33,2,0,0,4,3,0,0,0,0,0
2021-10-21,3cpt/AndBotBlogger,1,0,0,469,2,0,0,2,2,0,0,0,0,0
2021-10-21,3cpt/andgearbest,2,3,1,77,2,0,0,2,2,1,1,2,4,3
2021-10-21,3cpt/andler-github-webhook,1,0,1,112,2,0,0,2,1,0,1,4,1,1
2021-10-21,3cpt/andlogger,1,0,0,50,3,0,0,4,4,0,0,0,0,0
2021-10-21,3cpt/bookmark-plain-text,1,0,0,4,1,0,0,0,0,0,0,0,0,0
2021-10-21,3cpt/dotfiles,1,1,0,12,2,0,0,4,3,0,1,0,1,0
2021-10-21,3cpt/generic-host-sample,1,1,1,7,1,0,0,1,1,0,0,0,0,0
2021-10-21,3cpt/nexinho,1,0,0,39,1,0,0,1,1,1,0,0,2,0
2021-10-21,3cpt/open-shelter-app,0,0,1,12588,1,0,0,1,1,0,0,3,1,13
2021-10-21,3cpt/potato-state-machine,1,0,0,10,2,0,0,1,1,0,0,0,0,0
2021-10-21,3cpt/recorrente,1,5,2,136,1,0,0,5,5,0,1,0,2,0
2021-10-21,3cpt/repo-score-py,1,0,0,3,1,0,0,0,0,0,0,0,0,0
2021-10-21,3cpt/tegtig,1,1,1,63,5,0,0,3,2,4,0,4,5,1
2021-10-21,3cpt/Testing-MassTransit-Courier,1,0,0,22,2,0,0,1,1,0,0,0,0,0
2021-10-22,3cpt/3cpt,1,0,0,4,2,0,0,41,1,0,0,0,0,0
2021-10-22,3cpt/3cpt.github.io,1,0,0,33,2,0,0,2,2,0,0,0,0,0
2021-10-22,3cpt/AndBotBlogger,1,0,0,469,2,0,0,0,0,0,0,0,0,0
2021-10-22,3cpt/andgearbest,2,3,1,77,2,0,0,0,0,1,1,2,4,3
2021-10-22,3cpt/andler-github-webhook,1,0,1,112,2,0,0,3,3,0,1,4,1,1
2021-10-22,3cpt/andlogger,1,0,0,50,3,0,0,0,0,0,0,0,0,0
2021-10-22,3cpt/bookmark-plain-text,1,0,0,4,1,3,1,0,0,0,0,0,0,0
2021-10-22,3cpt/dotfiles,1,1,0,12,2,0,0,0,0,0,1,0,1,0
2021-10-22,3cpt/generic-host-sample,1,1,1,7,1,0,0,0,0,0,0,0,0,0
2021-10-22,3cpt/nexinho,1,0,0,39,1,0,0,0,0,1,0,0,2,0
2021-10-22,3cpt/open-shelter-app,0,0,1,12588,1,0,0,0,0,0,0,3,1,13
2021-10-22,3cpt/potato-state-machine,1,0,0,10,2,0,0,0,0,0,0,0,0,0
2021-10-22,3cpt/recorrente,1,5,2,140,1,0,0,3,3,0,1,0,2,0
2021-10-22,3cpt/repo-score-py,1,0,0,3,1,0,0,0,0,0,0,0,0,0
2021-10-22,3cpt/tegtig,1,1,1,63,5,0,0,0,0,4,0,4,5,1
2021-10-22,3cpt/Testing-MassTransit-Courier,1,0,0,22,2,0,0,0,0,0,0,0,0,0
2021-10-23,3cpt/3cpt,1,0,0,4,2,0,0,41,1,0,0,0,0,0
2021-10-23,3cpt/3cpt.github.io,1,0,0,33,2,0,0,0,0,0,0,0,0,0
2021-10-23,3cpt/AndBotBlogger,1,0,0,469,2,0,0,0,0,0,0,0,0,0
2021-10-23,3cpt/andgearbest,2,3,1,77,2,0,0,0,0,1,1,2,4,3
2021-10-23,3cpt/andler-github-webhook,1,0,1,112,2,0,0,0,0,0,1,4,1,1
2021-10-23,3cpt/andlogger,1,0,0,50,3,0,0,0,0,0,0,0,0,0
2021-10-23,3cpt/bookmark-plain-text,1,0,0,4,1,0,0,0,0,0,0,0,0,0
2021-10-23,3cpt/dotfiles,1,1,0,12,2,0,0,0,0,0,1,0,1,0
2021-10-23,3cpt/generic-host-sample,1,1,1,7,1,0,0,0,0,0,0,0,0,0
2021-10-23,3cpt/nexinho,1,0,0,39,1,0,0,0,0,1,0,0,2,0
2021-10-23,3cpt/open-shelter-app,0,0,1,12588,1,0,0,0,0,0,0,3,1,13
2021-10-23,3cpt/potato-state-machine,1,0,0,10,2,0,0,0,0,0,0,0,0,0
2021-10-23,3cpt/recorrente,1,5,2,142,1,0,0,4,4,0,1,0,2,0
2021-10-23,3cpt/repo-score-py,1,0,0,3,1,0,0,0,0,0,0,0,0,0
2021-10-23,3cpt/tegtig,1,1,1,63,5,0,0,0,0,4,0,4,5,1
2021-10-23,3cpt/Testing-MassTransit-Courier,1,0,0,22,2,0,0,0,0,0,0,0,0,0
2021-10-24,3cpt/3cpt,1,0,0,4,2,0,0,41,1,0,0,0,0,0
2021-10-24,3cpt/3cpt.github.io,1,0,0,33,2,0,0,0,0,0,0,0,0,0
2021-10-24,3cpt/AndBotBlogger,1,0,0,469,2,0,0,0,0,0,0,0,0,0
2021-10-24,3cpt/andgearbest,2,3,1,77,2,0,0,0,0,1,1,2,4,3
2021-10-24,3cpt/andler-github-webhook,1,0,1,112,2,0,0,0,0,0,1,4,1,1
2021-10-24,3cpt/andlogger,1,0,0,50,3,0,0,0,0,0,0,0,0,0
2021-10-24,3cpt/bookmark-plain-text,1,0,0,4,1,0,0,0,0,0,0,0,0,0
2021-10-24,3cpt/dotfiles,1,1,0,12,2,0,0,0,0,0,1,0,1,0
2021-10-24,3cpt/generic-host-sample,1,1,1,7,1,0,0,0,0,0,0,0,0,0
2021-10-24,3cpt/nexinho,1,0,0,39,1,0,0,0,0,1,0,0,2,0
2021-10-24,3cpt/open-shelter-app,0,0,1,12588,1,0,0,0,0,0,0,3,1,13
2021-10-24,3cpt/potato-state-machine,1,0,0,10,2,0,0,0,0,0,0,0,0,0
2021-10-24,3cpt/recorrente,1,5,2,146,1,0,0,3,3,0,1,0,2,0
2021-10-24,3cpt/repo-score-py,1,0,0,3,1,0,0,0,0,0,0,0,0,0
2021-10-24,3cpt/tegtig,1,1,1,63,5,0,0,0,0,4,0,4,5,1
2021-10-24,3cpt/Testing-MassTransit-Courier,1,0,0,22,2,0,0,0,0,0,0,0,0,0
2021-10-25,3cpt/3cpt,1,0,0,4,2,0,0,22,2,0,0,0,0,0
2021-10-25,3cpt/3cpt.github.io,1,0,0,33,2,0,0,0,0,0,0,0,0,0
2021-10-25,3cpt/AndBotBlogger,1,0,0,469,2,0,0,0,0,0,0,0,0,0
2021-10-25,3cpt/andgearbest,2,3,1,77,2,0,0,0,0,1,1,2,4,3
2021-10-25,3cpt/andler-github-webhook,1,0,1,112,2,0,0,0,0,0,1,4,1,1
2021-10-25,3cpt/andlogger,1,0,0,50,3,0,0,0,0,0,0,0,0,0
2021-10-25,3cpt/bookmark-plain-text,1,0,0,4,1,0,0,0,0,0,0,0,0,0
2021-10-25,3cpt/dotfiles,1,1,0,12,2,0,0,0,0,0,1,0,1,0
2021-10-25,3cpt/generic-host-sample,1,1,1,7,1,0,0,0,0,0,0,0,0,0
2021-10-25,3cpt/nexinho,1,0,0,39,1,0,0,0,0,1,0,0,2,0
2021-10-25,3cpt/open-shelter-app,0,0,1,12588,1,0,0,0,0,0,0,3,1,13
2021-10-25,3cpt/potato-state-machine,1,0,0,10,2,0,0,1,1,0,0,0,0,0
2021-10-25,3cpt/recorrente,1,5,2,148,1,0,0,3,2,0,1,0,2,0
2021-10-25,3cpt/repo-score-py,1,0,0,3,1,0,0,0,0,0,0,0,0,0
2021-10-25,3cpt/tegtig,1,1,1,63,5,0,0,0,0,4,0,4,5,1
2021-10-25,3cpt/Testing-MassTransit-Courier,1,0,0,22,2,0,0,0,0,0,0,0,0,0
2021-10-26,3cpt/3cpt,1,0,0,5,2,0,0,0,0,0,0,0,0,0
2021-10-26,3cpt/3cpt.github.io,1,0,0,33,2,0,0,0,0,0,0,0,0,0
2021-10-26,3cpt/AndBotBlogger,1,0,0,469,2,0,0,0,0,0,0,0,0,0
2021-10-26,3cpt/andgearbest,2,3,1,77,2,0,0,0,0,1,1,2,4,3
2021-10-26,3cpt/andler-github-webhook,1,0,1,112,2,0,0,0,0,0,1,4,1,1
2021-10-26,3cpt/andlogger,1,0,0,50,3,0,0,0,0,0,0,0,0,0
2021-10-26,3cpt/bookmark-plain-text,1,0,0,4,1,0,0,0,0,0,0,0,0,0
2021-10-26,3cpt/dotfiles,1,1,0,12,2,0,0,0,0,0,1,0,1,0
2021-10-26,3cpt/generic-host-sample,1,1,1,7,1,0,0,0,0,0,0,0,0,0
2021-10-26,3cpt/nexinho,1,0,0,39,1,1,1,0,0,1,0,0,2,0
2021-10-26,3cpt/open-shelter-app,0,0,1,12588,1,0,0,0,0,0,0,3,1,13
2021-10-26,3cpt/potato-state-machine,1,0,0,10,2,0,0,0,0,0,0,0,0,0
2021-10-26,3cpt/recorrente,1,5,2,153,1,0,0,0,0,0,1,0,2,0
2021-10-26,3cpt/repo-score-py,1,0,0,3,1,0,0,0,0,0,0,0,0,0
2021-10-26,3cpt/tegtig,1,1,1,63,5,0,0,0,0,4,0,4,5,1
2021-10-26,3cpt/Testing-MassTransit-Courier,1,0,0,22,2,0,0,0,0,0,0,0,0,0
2021-10-27,3cpt/3cpt,1,0,0,5,2,0,0,11,1,0,0,0,0,0
2021-10-27,3cpt/3cpt.github.io,1,0,0,33,2,0,0,0,0,0,0,0,0,0
2021-10-27,3cpt/AndBotBlogger,1,0,0,469,2,0,0,0,0,0,0,0,0,0
2021-10-27,3cpt/andgearbest,2,3,0,77,2,1,1,0,0,1,1,2,4,3
2021-10-27,3cpt/andler-github-webhook,1,0,0,112,2,1,1,0,0,0,1,4,1,1
2021-10-27,3cpt/andlogger,1,0,0,50,3,0,0,0,0,0,0,0,0,0
2021-10-27,3cpt/bookmark-plain-text,1,0,0,4,1,0,0,0,0,0,0,0,0,0
2021-10-27,3cpt/dotfiles,1,1,0,12,2,0,0,0,0,0,1,0,1,0
2021-10-27,3cpt/generic-host-sample,1,1,1,7,1,0,0,0,0,0,0,0,0,0
2021-10-27,3cpt/nexinho,1,0,0,39,1,0,0,0,0,1,0,0,2,0
2021-10-27,3cpt/open-shelter-app,0,0,0,12588,1,1,1,1,1,0,0,3,1,13
2021-10-27,3cpt/potato-state-machine,1,0,0,10,2,0,0,0,0,0,0,0,0,0
2021-10-27,3cpt/recorrente,1,5,2,155,1,1,1,3,2,0,1,0,2,0
2021-10-27,3cpt/repo-score-py,1,0,0,3,1,2,1,0,0,0,0,0,0,0
2021-10-27,3cpt/tegtig,1,1,0,63,5,1,1,0,0,4,0,4,5,1
2021-10-27,3cpt/Testing-MassTransit-Courier,1,0,0,22,2,0,0,0,0,0,0,0,0,0
2021-10-28,3cpt/3cpt,1,0,0,5,2,0,0,46,3,0,0,0,0,0
2021-10-28,3cpt/3cpt.github.io,1,0,0,33,2,0,0,0,0,0,0,0,0,0
2021-10-28,3cpt/AndBotBlogger,1,0,0,469,2,0,0,0,0,0,0,0,0,0
2021-10-28,3cpt/andgearbest,2,3,0,77,2,0,0,0,0,1,1,2,4,3
2021-10-28,3cpt/andler-github-webhook,1,0,0,112,2,0,0,0,0,0,1,4,1,1
2021-10-28,3cpt/andlogger,1,0,0,50,3,0,0,0,0,0,0,0,0,0
2021-10-28,3cpt/bookmark-plain-text,1,0,0,4,1,0,0,0,0,0,0,0,0,0
2021-10-28,3cpt/dotfiles,1,1,0,12,2,0,0,0,0,0,1,0,1,0
2021-10-28,3cpt/generic-host-sample,1,1,1,7,1,0,0,0,0,0,0,0,0,0
2021-10-28,3cpt/nexinho,1,0,0,39,1,0,0,0,0,1,0,0,2,0
2021-10-28,3cpt/open-shelter-app,0,0,0,12588,1,0,0,0,0,0,0,3,1,13
2021-10-28,3cpt/potato-state-machine,1,0,0,10,2,0,0,0,0,0,0,0,0,0
2021-10-28,3cpt/recorrente,1,5,2,159,1,0,0,3,2,0,1,0,2,0
2021-10-28,3cpt/repo-activity-score,1,0,0,3,1,0,0,0,0,0,0,0,0,0
2021-10-28,3cpt/tegtig,1,1,0,63,5,0,0,0,0,4,0,4,5,1
2021-10-28,3cpt/Testing-MassTransit-Courier,1,0,0,22,2,0,0,0,0,0,0,0,0,0
2021-10-29,3cpt/3cpt,1,0,0,5,2,1,1,43,1,0,0,0,0,0
2021-10-29,3cpt/3cpt.github.io,1,0,0,33,2,0,0,0,0,0,0,0,0,0
2021-10-29,3cpt/AndBotBlogger,1,0,0,469,2,0,0,0,0,0,0,0,0,0
2021-10-29,3cpt/andgearbest,2,3,0,77,2,0,0,0,0,1,1,2,4,3
2021-10-29,3cpt/andler-github-webhook,1,0,0,112,2,0,0,0,0,0,1,4,1,1
2021-10-29,3cpt/andlogger,1,0,0,50,3,0,0,0,0,0,0,0,0,0
2021-10-29,3cpt/bookmark-plain-text,1,0,0,4,1,0,0,0,0,0,0,0,0,0
2021-10-29,3cpt/dotfiles,1,1,0,12,2,0,0,0,0,0,1,0,1,0
2021-10-29,3cpt/generic-host-sample,1,1,1,7,1,0,0,0,0,0,0,0,0,0
2021-10-29,3cpt/nexinho,1,0,0,39,1,0,0,0,0,1,0,0,2,0
2021-10-29,3cpt/open-shelter-app,0,0,0,12588,1,0,0,0,0,0,0,3,1,13
2021-10-29,3cpt/potato-state-machine,1,0,0,10,2,0,0,0,0,0,0,0,0,0
2021-10-29,3cpt/recorrente,1,5,2,162,1,1,1,3,2,0,1,0,2,0
2021-10-29,3cpt/tegtig,1,1,0,63,5,0,0,0,0,4,0,4,5,1
2021-10-29,3cpt/Testing-MassTransit-Courier,1,0,0,22,2,0,0,0,0,0,0,0,0,0
2021-10-30,3cpt/3cpt,1,0,0,5,2,0,0,45,2,0,0,0,0,0
2021-10-30,3cpt/3cpt.github.io,1,0,0,33,2,0,0,0,0,0,0,0,0,0
2021-10-30,3cpt/AndBotBlogger,1,0,0,469,2,0,0,0,0,0,0,0,0,0
2021-10-30,3cpt/andgearbest,2,3,0,77,2,0,0,0,0,1,1,2,4,3
2021-10-30,3cpt/andler-github-webhook,1,0,0,112,2,0,0,0,0,0,1,4,1,1
2021-10-30,3cpt/andlogger,1,0,0,50,3,0,0,0,0,0,0,0,0,0
2021-10-30,3cpt/bookmark-plain-text,1,0,0,4,1,0,0,0,0,0,0,0,0,0
2021-10-30,3cpt/dotfiles,1,1,0,12,2,0,0,0,0,0,1,0,1,0
2021-10-30,3cpt/generic-host-sample,1,1,1,7,1,0,0,1,1,0,0,0,0,0
2021-10-30,3cpt/nexinho,1,0,0,39,1,0,0,0,0,1,0,0,2,0
2021-10-30,3cpt/open-shelter-app,0,0,0,12588,1,0,0,0,0,0,0,3,1,13
2021-10-30,3cpt/potato-state-machine,1,0,0,10,2,0,0,0,0,0,0,0,0,0
2021-10-30,3cpt/recorrente,1,5,2,166,1,0,0,4,3,0,1,0,2,0
2021-10-30,3cpt/tegtig,1,1,0,63,5,0,0,0,0,4,0,4,5,1
2021-10-30,3cpt/Testing-MassTransit-Courier,1,0,0,22,2,0,0,0,0,0,0,0,0,0
2021-10-31,3cpt/3cpt,1,0,0,5,2,0,0,43,1,0,0,0,0,0
2021-10-31,3cpt/3cpt.github.io,1,0,0,33,2,0,0,0,0,0,0,0,0,0
2021-10-31,3cpt/AndBotBlogger,1,0,0,469,2,0,0,0,0,0,0,0,0,0
2021-10-31,3cpt/andgearbest,2,3,0,77,2,0,0,0,0,1,1,2,4,3
2021-10-31,3cpt/andler-github-webhook,1,0,0,112,2,0,0,0,0,0,1,4,1,1
2021-10-31,3cpt/andlogger,1,0,0,50,3,0,0,0,0,0,0,0,0,0
2021-10-31,3cpt/bookmark-plain-text,1,0,0,4,1,0,0,0,0,0,0,0,0,0
2021-10-31,3cpt/dotfiles,1,1,0,12,2,0,0,0,0,0,1,0,1,0
2021-10-31,3cpt/generic-host-sample,1,1,1,7,1,0,0,0,0,0,0,0,0,0
2021-10-31,3cpt/nexinho,1,0,0,39,1,3,1,0,0,1,0,0,2,0
2021-10-31,3cpt/open-shelter-app,0,0,0,12588,1,0,0,0,0,0,0,3,1,13
2021-10-31,3cpt/potato-state-machine,1,0,0,10,2,0,0,0,0,0,0,0,0,0
2021-10-31,3cpt/recorrente,1,5,2,168,1,0,0,4,3,0,1,0,2,0
2021-10-31,3cpt/tegtig,1,1,0,63,5,0,0,0,0,4,0,4,5,1
2021-10-31,3cpt/Testing-MassTransit-Courier,1,0,0,22,2,0,0,0,0,0,0,0,0,0
2021-11-01,3cpt/3cpt,1,0,0,6,2,0,0,46,3,0,0,0,0,0
2021-11-01,3cpt/3cpt.github.io,1,0,0,33,2,0,0,1,1,0,0,0,0,0
2021-11-01,3cpt/AndBotBlogger,1,0,0,469,2,0,0,0,0,0,0,0,0,0
2021-11-01,3cpt/andgearbest,2,3,0,77,2,0,0,0,0,1,1,2,4,3
2021-11-01,3cpt/andler-github-webhook,1,0,0,112,2,0,0,1,1,0,1,4,1,1
2021-11-01,3cpt/andlogger,1,0,0,50,3,0,0,1,1,0,0,0,0,0
2021-11-01,3cpt/bookmark-plain-text,1,0,0,4,1,0,0,0,0,0,0,0,0,0
2021-11-01,3cpt/dotfiles,1,1,0,12,2,0,0,0,0,0,1,0,1,0
2021-11-01,3cpt/generic-host-sample,1,1,1,7,1,0,0,0,0,0,0,0,0,0
2021-11-01,3cpt/nexinho,1,0,0,39,1,15,1,1,1,1,0,0,2,0
2021-11-01,3cpt/open-shelter-app,0,0,0,12588,1,0,0,1,1,0,0,3,1,13
2021-11-01,3cpt/potato-state-machine,1,0,0,10,2,0,0,0,0,0,0,0,0,0
2021-11-01,3cpt/recorrente,1,5,2,173,1,0,0,3,2,0,1,0,2,0
2021-11-01,3cpt/tegtig,1,1,0,63,5,0,0,1,1,4,0,4,5,1
2021-11-01,3cpt/Testing-MassTransit-Courier,1,0,0,22,2,0,0,0,0,0,0,0,0,0
2021-11-02,3cpt/3cpt,1,0,0,6,2,0,0,43,1,0,0,0,0,0
2021-11-02,3cpt/3cpt.github.io,1,0,0,33,2,0,0,0,0,0,0,0,0,0
2021-11-02,3cpt/AndBotBlogger,1,0,0,469,2,0,0,0,0,0,0,0,0,0
2021-11-02,3cpt/andgearbest,2,3,0,77,2,0,0,1,1,1,1,2,4,3
2021-11-02,3cpt/andler-github-webhook,1,0,0,112,2,0,0,0,0,0,1,4,1,1
2021-11-02,3cpt/andlogger,1,0,0,50,3,0,0,0,0,0,0,0,0,0
2021-11-02,3cpt/bookmark-plain-text,1,0,0,4,1,0,0,1,1,0,0,0,0,0
2021-11-02,3cpt/dotfiles,1,1,0,12,2,0,0,0,0,0,1,0,1,0
2021-11-02,3cpt/generic-host-sample,1,1,1,7,1,0,0,1,1,0,0,0,0,0
2021-11-02,3cpt/nexinho,1,0,0,39,1,0,0,0,0,1,0,0,2,0
2021-11-02,3cpt/open-shelter-app,0,0,0,12588,1,0,0,0,0,0,0,3,1,13
2021-11-02,3cpt/potato-state-machine,1,0,0,10,2,0,0,0,0,0,0,0,0,0
2021-11-02,3cpt/recorrente,1,5,2,176,1,0,0,4,3,0,1,0,2,0
2021-11-02,3cpt/tegtig,1,1,0,63,5,0,0,0,0,4,0,4,5,1
2021-11-02,3cpt/Testing-MassTransit-Courier,1,0,0,22,2,0,0,0,0,0,0,0,0,0
2021-11-03,3cpt/3cpt,1,0,0,6,2,0,0,43,1,0,0,0,0,0
2021-11-03,3cpt/3cpt.github.io,1,0,0,33,2,0,0,0,0,0,0,0,0,0
2021-11-03,3cpt/AndBotBlogger,1,0,0,469,2,0,0,0,0,0,0,0,0,0
2021-11-03,3cpt/andgearbest,2,3,0,77,2,0,0,0,0,1,1,2,4,3
2021-11-03,3cpt/andler-github-webhook,1,0,0,112,2,0,0,0,0,0,1,4,1,1
2021-11-03,3cpt/andlogger,1,0,0,50,3,0,0,0,0,0,0,0,0,0
2021-11-03,3cpt/bookmark-plain-text,1,0,0,4,1,0,0,0,0,0,0,0,0,0
2021-11-03,3cpt/dotfiles,1,1,0,12,2,0,0,0,0,0,1,0,1,0
2021-11-03,3cpt/generic-host-sample,1,1,1,7,1,0,0,0,0,0,0,0,0,0
2021-11-03,3cpt/nexinho,1,0,0,39,1,0,0,0,0,1,0,0,2,0
2021-11-03,3cpt/open-shelter-app,0,0,0,12588,1,0,0,1,1,0,0,3,1,13
2021-11-03,3cpt/potato-state-machine,1,0,0,10,2,0,0,0,0,0,0,0,0,0
2021-11-03,3cpt/recorrente,1,5,2,180,1,0,0,4,3,0,1,0,2,0
2021-11-03,3cpt/tegtig,1,1,0,63,5,0,0,2,2,4,0,4,5,1
2021-11-03,3cpt/Testing-MassTransit-Courier,1,0,0,22,2,0,0,0,0,0,0,0,0,0
2021-11-04,3cpt/3cpt,1,0,0,6,2,0,0,44,2,0,0,0,0,0
2021-11-04,3cpt/3cpt.github.io,1,0,0,33,2,0,0,0,0,0,0,0,0,0
2021-11-04,3cpt/AndBotBlogger,1,0,0,469,2,0,0,0,0,0,0,0,0,0
2021-11-04,3cpt/andgearbest,2,3,0,77,2,0,0,0,0,1,1,2,4,3
2021-11-04,3cpt/andler-github-webhook,1,0,0,112,2,0,0,0,0,0,1,4,1,1
2021-11-04,3cpt/andlogger,1,0,0,50,3,0,0,0,0,0,0,0,0,0
2021-11-04,3cpt/bookmark-plain-text,1,0,0,4,1,0,0,0,0,0,0,0,0,0
2021-11-04,3cpt/dotfiles,1,1,0,12,2,0,0,0,0,0,1,0,1,0
2021-11-04,3cpt/generic-host-sample,1,1,1,7,1,0,0,0,0,0,0,0,0,0
2021-11-04,3cpt/nexinho,1,0,0,39,1,0,0,0,0,1,0,0,2,0
2021-11-04,3cpt/open-shelter-app,0,0,0,12588,1,0,0,0,0,0,0,3,1,13
2021-11-04,3cpt/potato-state-machine,1,0,0,10,2,0,0,0,0,0,0,0,0,0
2021-11-04,3cpt/recorrente,1,5,2,183,1,2,1,3,2,0,1,0,2,0
2021-11-04,3cpt/tegtig,1,1,0,63,5,0,0,0,0,4,0,4,5,1
2021-11-04,3cpt/Testing-MassTransit-Courier,1,0,0,22,2,0,0,0,0,0,0,0,0,0
2021-11-05,3cpt/3cpt,1,0,0,6,2,3,1,43,1,0,0,0,0,0
2021-11-05,3cpt/3cpt.github.io,1,0,0,33,2,0,0,0,0,0,0,0,0,0
2021-11-05,3cpt/AndBotBlogger,1,0,0,469,2,0,0,0,0,0,0,0,0,0
2021-11-05,3cpt/andgearbest,2,3,0,77,2,0,0,0,0,1,1,2,4,3
2021-11-05,3cpt/andler-github-webhook,1,0,0,112,2,0,0,0,0,0,1,4,1,1
2021-11-05,3cpt/andlogger,1,0,0,50,3,0,0,0,0,0,0,0,0,0
2021-11-05,3cpt/bookmark-plain-text,1,0,0,4,1,0,0,0,0,0,0,0,0,0
2021-11-05,3cpt/dotfiles,1,1,0,12,2,0,0,0,0,0,1,0,1,0
2021-11-05,3cpt/generic-host-sample,1,1,1,7,1,0,0,0,0,0,0,0,0,0
2021-11-05,3cpt/nexinho,1,0,0,39,1,0,0,0,0,1,0,0,2,0
2021-11-05,3cpt/open-shelter-app,0,0,0,12588,1,0,0,0,0,0,0,3,1,13
2021-11-05,3cpt/potato-state-machine,1,0,0,10,2,0,0,0,0,0,0,0,0,0
2021-11-05,3cpt/recorrente,1,5,2,188,1,0,0,4,3,0,1,0,2,0
2021-11-05,3cpt/tegtig,1,1,0,63,5,0,0,0,0,4,0,4,5,1
2021-11-05,3cpt/Testing-MassTransit-Courier,1,0,0,22,2,0,0,0,0,0,0,0,0,0
2021-11-06,3cpt/3cpt,1,0,0,6,2,0,0,43,1,0,0,0,0,0
2021-11-06,3cpt/3cpt.github.io,1,0,0,33,2,0,0,0,0,0,0,0,0,0
2021-11-06,3cpt/AndBotBlogger,1,0,0,469,2,0,0,0,0,0,0,0,0,0
2021-11-06,3cpt/andgearbest,2,3,0,77,2,0,0,0,0,1,1,2,4,3
2021-11-06,3cpt/andler-github-webhook,1,0,0,112,2,0,0,0,0,0,1,4,1,1
2021-11-06,3cpt/andlogger,1,0,0,50,3,0,0,0,0,0,0,0,0,0
2021-11-06,3cpt/bookmark-plain-text,1,0,0,4,1,0,0,0,0,0,0,0,0,0
2021-11-06,3cpt/dotfiles,1,1,0,12,2,0,0,0,0,0,1,0,1,0
2021-11-06,3cpt/generic-host-sample,1,1,1,7,1,0,0,0,0,0,0,0,0,0
2021-11-06,3cpt/nexinho,1,0,0,39,1,0,0,0,0,1,0,0,2,0
2021-11-06,3cpt/open-shelter-app,0,0,0,12588,1,0,0,0,0,0,0,3,1,13
2021-11-06,3cpt/potato-state-machine,1,0,0,10,2,0,0,0,0,0,0,0,0,0
2021-11-06,3cpt/recorrente,1,5,2,190,1,0,0,4,3,0,1,0,2,0
2021-11-06,3cpt/tegtig,1,1,0,63,5,0,0,0,0,4,0,4,5,1
2021-11-06,3cpt/Testing-MassTransit-Courier,1,0,0,22,2,0,0,0,0,0,0,0,0,0
2021-11-07,3cpt/3cpt,1,0,0,6,2,0,0,44,2,0,0,0,0,0
2021-11-07,3cpt/3cpt.github.io,1,0,0,33,2,0,0,0,0,0,0,0,0,0
2021-11-07,3cpt/AndBotBlogger,1,0,0,469,2,0,0,0,0,0,0,0,0,0
2021-11-07,3cpt/andgearbest,2,3,0,77,2,0,0,1,1,1,1,2,4,3
2021-11-07,3cpt/andler-github-webhook,1,0,0,112,2,0,0,0,0,0,1,4,1,1
2021-11-07,3cpt/andlogger,1,0,0,50,3,0,0,0,0,0,0,0,0,0
2021-11-07,3cpt/bookmark-plain-text,1,0,0,4,1,0,0,0,0,0,0,0,0,0
2021-11-07,3cpt/dotfiles,1,1,0,12,2,0,0,0,0,0,1,0,1,0
2021-11-07,3cpt/generic-host-sample,1,1,1,7,1,0,0,0,0,0,0,0,0,0
2021-11-07,3cpt/nexinho,1,0,0,39,1,20,1,0,0,1,0,0,2,0
2021-11-07,3cpt/open-shelter-app,0,0,0,12588,1,0,0,1,1,0,0,3,1,13
2021-11-07,3cpt/potato-state-machine,1,0,0,10,2,0,0,0,0,0,0,0,0,0
2021-11-07,3cpt/recorrente,1,5,2,195,1,0,0,3,2,0,1,0,2,0
2021-11-07,3cpt/tegtig,1,1,0,63,5,0,0,0,0,4,0,4,5,1
2021-11-07,3cpt/Testing-MassTransit-Courier,1,0,0,22,2,0,0,0,0,0,0,0,0,0
2021-11-08,3cpt/3cpt,1,0,0,6,2,0,0,44,2,0,0,0,0,0
2021-11-08,3cpt/3cpt.github.io,1,0,0,33,2,0,0,0,0,0,0,0,0,0
2021-11-08,3cpt/AndBotBlogger,1,0,0,469,2,0,0,0,0,0,0,0,0,0
2021-11-08,3cpt/andgearbest,2,3,0,77,2,0,0,0,0,1,1,2,4,3
2021-11-08,3cpt/andler-github-webhook,1,0,0,112,2,0,0,0,0,0,1,4,1,1
2021-11-08,3cpt/andlogger,1,0,0,50,3,0,0,0,0,0,0,0,0,0
2021-11-08,3cpt/bookmark-plain-text,1,0,0,4,1,0,0,0,0,0,0,0,0,0
2021-11-08,3cpt/dotfiles,1,1,0,12,2,0,0,0,0,0,1,0,1,0
2021-11-08,3cpt/generic-host-sample,1,1,1,7,1,0,0,0,0,0,0,0,0,0
2021-11-08,3cpt/nexinho,1,0,0,39,1,0,0,0,0,1,0,0,2,0
2021-11-08,3cpt/open-shelter-app,0,0,0,12588,1,0,0,0,0,0,0,3,1,13
2021-11-08,3cpt/potato-state-machine,1,0,0,10,2,0,0,0,0,0,0,0,0,0
2021-11-08,3cpt/recorrente,1,5,2,198,1,0,0,4,3,0,1,0,2,0
2021-11-08,3cpt/tegtig,1,1,0,63,5,0,0,0,0,4,0,4,5,1
2021-11-08,3cpt/Testing-MassTransit-Courier,1,0,0,22,2,0,0,0,0,0,0,0,0,0
2021-11-09,3cpt/3cpt,1,0,0,6,2,0,0,43,1,0,0,0,0,0
2021-11-09,3cpt/3cpt.github.io,1,0,0,33,2,0,0,1,1,0,0,0,0,0
2021-11-09,3cpt/AndBotBlogger,1,0,0,469,2,0,0,0,0,0,0,0,0,0
2021-11-09,3cpt/andgearbest,2,3,0,77,2,0,0,0,0,1,1,2,4,3
2021-11-09,3cpt/andler-github-webhook,1,0,0,112,2,0,0,0,0,0,1,4,1,1
2021-11-09,3cpt/andlogger,1,0,0,50,3,0,0,0,0,0,0,0,0,0
2021-11-09,3cpt/bookmark-plain-text,1,0,0,4,1,0,0,0,0,0,0,0,0,0
2021-11-09,3cpt/dotfiles,1,1,0,12,2,0,0,0,0,0,1,0,1,0
2021-11-09,3cpt/generic-host-sample,1,1,1,7,1,0,0,0,0,0,0,0,0,0
2021-11-09,3cpt/nexinho,1,0,0,39,1,0,0,0,0,1,0,0,2,0
2021-11-09,3cpt/open-shelter-app,0,0,0,12588,1,0,0,0,0,0,0,3,1,13
2021-11-09,3cpt/potato-state-machine,1,0,0,10,2,0,0,0,0,0,0,0,0,0
2021-11-09,3cpt/recorrente,1,5,2,203,1,0,0,4,3,0,1,0,2,0
2021-11-09,3cpt/tegtig,1,1,0,63,5,0,0,0,0,4,0,4,5,1
2021-11-09,3cpt/Testing-MassTransit-Courier,1,0,0,22,2,0,0,0,0,0,0,0,0,0
2021-11-10,3cpt/3cpt,1,0,0,6,2,0,0,44,2,0,0,0,0,0
2021-11-10,3cpt/3cpt.github.io,1,0,0,33,2,0,0,0,0,0,0,0,0,0
2021-11-10,3cpt/AndBotBlogger,1,0,0,469,2,0,0,0,0,0,0,0,0,0
2021-11-10,3cpt/andgearbest,2,3,0,77,2,0,0,0,0,1,1,2,4,3
2021-11-10,3cpt/andler-github-webhook,1,0,0,112,2,0,0,0,0,0,1,4,1,1
2021-11-10,3cpt/andlogger,1,0,0,50,3,0,0,0,0,0,0,0,0,0
2021-11-10,3cpt/bookmark-plain-text,1,0,0,4,1,0,0,1,1,0,0,0,0,0
2021-11-10,3cpt/dotfiles,1,1,0,12,2,0,0,0,0,0,1,0,1,0
2021-11-10,3cpt/generic-host-sample,1,1,1,7,1,0,0,1,1,0,0,0,0,0
2021-11-10,3cpt/nexinho,1,0,0,39,1,0,0,0,0,1,0,0,2,0
2021-11-10,3cpt/open-shelter-app,0,0,0,12588,1,0,0,0,0,0,0,3,1,13
2021-11-10,3cpt/potato-state-machine,1,0,0,10,2,0,0,0,0,0,0,0,0,0
2021-11-10,3cpt/recorrente,1,5,2,205,1,0,0,4,3,0,1,0,2,0
2021-11-10,3cpt/tegtig,1,1,0,63,5,0,0,0,0,4,0,4,5,1
2021-11-10,3cpt/Testing-MassTransit-Courier,1,0,0,22,2,0,0,0,0,0,0,0,0,0
2021-11-11,3cpt/3cpt,1,0,0,6,2,0,0,43,1,0,0,0,0,0
2021-11-11,3cpt/3cpt.github.io,1,0,0,33,2,0,0,0,0,0,0,0,0,0
2021-11-11,3cpt/AndBotBlogger,1,0,0,469,2,0,0,0,0,0,0,0,0,0
2021-11-11,3cpt/andgearbest,2,3,0,77,2,0,0,0,0,1,1,2,4,3
2021-11-11,3cpt/andler-github-webhook,1,0,0,112,2,0,0,0,0,0,1,4,1,1
2021-11-11,3cpt/andlogger,1,0,0,50,3,0,0,0,0,0,0,0,0,0
2021-11-11,3cpt/bookmark-plain-text,1,0,0,4,1,0,0,0,0,0,0,0,0,0
2021-11-11,3cpt/dotfiles,1,1,0,12,2,0,0,0,0,0,1,0,1,0
2021-11-11,3cpt/generic-host-sample,1,1,1,7,1,0,0,0,0,0,0,0,0,0
2021-11-11,3cpt/nexinho,1,0,0,39,1,0,0,0,0,1,0,0,2,0
2021-11-11,3cpt/open-shelter-app,0,0,0,12588,1,0,0,0,0,0,0,3,1,13
2021-11-11,3cpt/potato-state-machine,1,0,0,10,2,0,0,0,0,0,0,0,0,0
2021-11-11,3cpt/recorrente,1,5,2,211,1,0,0,5,4,0,1,0,2,0
2021-11-11,3cpt/tegtig,1,1,0,63,5,0,0,0,0,4,0,4,5,1
2021-11-11,3cpt/Testing-MassTransit-Courier,1,0,0,22,2,0,0,0,0,0,0,0,0,0
2021-11-12,3cpt/3cpt,1,0,0,6,2,0,0,43,1,0,0,0,0,0
2021-11-12,3cpt/3cpt.github.io,1,0,0,33,2,0,0,0,0,0,0,0,0,0
2021-11-12,3cpt/AndBotBlogger,1,0,0,469,2,0,0,0,0,0,0,0,0,0
2021-11-12,3cpt/andgearbest,2,3,0,77,2,0,0,0,0,1,1,2,4,3
2021-11-12,3cpt/andler-github-webhook,1,0,0,112,2,0,0,0,0,0,1,4,1,1
2021-11-12,3cpt/andlogger,1,0,0,50,3,0,0,0,0,0,0,0,0,0
2021-11-12,3cpt/bookmark-plain-text,1,0,0,4,1,0,0,0,0,0,0,0,0,0
2021-11-12,3cpt/dotfiles,1,1,0,12,2,0,0,0,0,0,1,0,1,0
2021-11-12,3cpt/generic-host-sample,1,1,1,7,1,0,0,0,0,0,0,0,0,0
2021-11-12,3cpt/nexinho,1,0,0,39,1,0,0,0,0,1,0,0,2,0
2021-11-12,3cpt/open-shelter-app,0,0,0,12588,1,0,0,0,0,0,0,3,1,13
2021-11-12,3cpt/potato-state-machine,1,0,0,10,2,0,0,0,0,0,0,0,0,0
2021-11-12,3cpt/recorrente,1,5,2,213,1,0,0,4,3,0,1,0,2,0
2021-11-12,3cpt/tegtig,1,1,0,63,5,0,0,0,0,4,0,4,5,1
2021-11-12,3cpt/Testing-MassTransit-Courier,1,0,0,22,2,0,0,0,0,0,0,0,0,0
2021-11-13,3cpt/3cpt,1,0,0,6,2,0,0,43,1,0,0,0,0,0
2021-11-13,3cpt/3cpt.github.io,1,0,0,33,2,0,0,0,0,0,0,0,0,0
2021-11-13,3cpt/AndBotBlogger,1,0,0,469,2,0,0,0,0,0,0,0,0,0
2021-11-13,3cpt/andgearbest,2,3,0,77,2,0,0,0,0,1,1,2,4,3
2021-11-13,3cpt/andler-github-webhook,1,0,0,112,2,0,0,0,0,0,1,4,1,1
2021-11-13,3cpt/andlogger,1,0,0,50,3,0,0,0,0,0,0,0,0,0
2021-11-13,3cpt/bookmark-plain-text,1,0,0,4,1,0,0,0,0,0,0,0,0,0
2021-11-13,3cpt/dotfiles,1,1,0,12,2,0,0,0,0,0,1,0,1,0
2021-11-13,3cpt/generic-host-sample,1,1,1,7,1,0,0,0,0,0,0,0,0,0
2021-11-13,3cpt/nexinho,1,0,0,39,1,0,0,0,0,1,0,0,2,0
2021-11-13,3cpt/open-shelter-app,0,0,0,12588,1,0,0,0,0,0,0,3,1,13
2021-11-13,3cpt/potato-state-machine,1,0,0,10,2,0,0,0,0,0,0,0,0,0
2021-11-13,3cpt/recorrente,1,5,2,218,1,0,0,4,3,0,1,0,2,0
2021-11-13,3cpt/tegtig,1,1,0,63,5,0,0,0,0,4,0,4,5,1
2021-11-13,3cpt/Testing-MassTransit-Courier,1,0,0,22,2,0,0,0,0,0,0,0,0,0
2021-11-14,3cpt/3cpt,1,0,0,6,2,0,0,43,1,0,0,0,0,0
2021-11-14,3cpt/3cpt.github.io,1,0,0,33,2,0,0,0,0,0,0,0,0,0
2021-11-14,3cpt/AndBotBlogger,1,0,0,469,2,0,0,0,0,0,0,0,0,0
2021-11-14,3cpt/andgearbest,2,3,0,77,2,0,0,1,1,1,1,2,4,3
2021-11-14,3cpt/andler-github-webhook,1,0,0,112,2,0,0,0,0,0,1,4,1,1
2021-11-14,3cpt/andlogger,1,0,0,50,3,0,0,0,0,0,0,0,0,0
2021-11-14,3cpt/bookmark-plain-text,1,0,0,4,1,0,0,0,0,0,0,0,0,0
2021-11-14,3cpt/dotfiles,1,1,0,12,2,0,0,0,0,0,1,0,1,0
2021-11-14,3cpt/generic-host-sample,1,1,1,7,1,0,0,0,0,0,0,0,0,0
2021-11-14,3cpt/nexinho,1,0,0,39,1,0,0,0,0,1,0,0,2,0
2021-11-14,3cpt/open-shelter-app,0,0,0,12588,1,0,0,0,0,0,0,3,1,13
2021-11-14,3cpt/potato-state-machine,1,0,0,10,2,0,0,0,0,0,0,0,0,0
2021-11-14,3cpt/recorrente,1,5,2,221,1,0,0,3,2,0,1,0,2,0
2021-11-14,3cpt/tegtig,1,1,0,63,5,0,0,0,0,4,0,4,5,1
2021-11-14,3cpt/Testing-MassTransit-Courier,1,0,0,22,2,0,0,0,0,0,0,0,0,0
2021-11-15,3cpt/3cpt,1,0,0,6,2,0,0,43,1,0,0,0,0,0
2021-11-15,3cpt/3cpt.github.io,1,0,0,33,2,0,0,1,1,0,0,0,0,0
2021-11-15,3cpt/AndBotBlogger,1,0,0,469,2,0,0,0,0,0,0,0,0,0
2021-11-15,3cpt/andgearbest,2,3,0,77,2,0,0,0,0,1,1,2,4,3
2021-11-15,3cpt/andler-github-webhook,1,0,0,112,2,0,0,0,0,0,1,4,1,1
2021-11-15,3cpt/andlogger,1,0,0,50,3,0,0,0,0,0,0,0,0,0
2021-11-15,3cpt/bookmark-plain-text,1,0,0,4,1,0,0,0,0,0,0,0,0,0
2021-11-15,3cpt/dotfiles,1,1,0,12,2,0,0,0,0,0,1,0,1,0
2021-11-15,3cpt/generic-host-sample,1,1,1,7,1,0,0,0,0,0,0,0,0,0
2021-11-15,3cpt/nexinho,1,0,0,39,1,0,0,0,0,1,0,0,2,0
2021-11-15,3cpt/open-shelter-app,0,0,0,12588,1,0,0,0,0,0,0,3,1,13
2021-11-15,3cpt/potato-state-machine,1,0,0,10,2,0,0,0,0,0,0,0,0,0
2021-11-15,3cpt/recorrente,1,5,2,226,1,0,0,4,3,0,1,0,2,0
2021-11-15,3cpt/tegtig,1,1,0,63,5,0,0,0,0,4,0,4,5,1
2021-11-15,3cpt/Testing-MassTransit-Courier,1,0,0,22,2,0,0,0,0,0,0,0,0,0
2021-11-16,3cpt/3cpt,1,0,0,6,2,0,0,44,1,0,0,0,0,0
2021-11-16,3cpt/3cpt.github.io,1,0,0,33,2,0,0,0,0,0,0,0,0,0
2021-11-16,3cpt/AndBotBlogger,1,0,0,469,2,0,0,0,0,0,0,0,0,0
2021-11-16,3cpt/andgearbest,2,3,0,77,2,0,0,0,0,1,1,2,4,3
2021-11-16,3cpt/andler-github-webhook,1,0,0,112,2,0,0,0,0,0,1,4,1,1
2021-11-16,3cpt/andlogger,1,0,0,50,3,0,0,0,0,0,0,0,0,0
2021-11-16,3cpt/bookmark-plain-text,1,0,0,4,1,0,0,0,0,0,0,0,0,0
2021-11-16,3cpt/dotfiles,1,1,0,12,2,0,0,0,0,0,1,0,1,0
2021-11-16,3cpt/generic-host-sample,1,1,1,7,1,0,0,0,0,0,0,0,0,0
2021-11-16,3cpt/nexinho,1,0,0,39,1,0,0,0,0,1,0,0,2,0
2021-11-16,3cpt/open-shelter-app,0,0,0,12588,1,0,0,0,0,0,0,3,1,13
2021-11-16,3cpt/potato-state-machine,1,0,0,10,2,0,0,0,0,0,0,0,0,0
2021-11-16,3cpt/recorrente,1,5,2,229,1,0,0,3,2,0,1,0,2,0
2021-11-16,3cpt/tegtig,1,1,0,63,5,0,0,0,0,4,0,4,5,1
2021-11-16,3cpt/Testing-MassTransit-Courier,1,0,0,22,2,0,0,0,0,0,0,0,0,0
2021-11-17,3cpt/3cpt,1,0,0,6,2,0,0,44,1,0,0,0,0,0
2021-11-17,3cpt/3cpt.github.io,1,0,0,33,2,0,0,0,0,0,0,0,0,0
2021-11-17,3cpt/AndBotBlogger,1,0,0,469,2,0,0,0,0,0,0,0,0,0
2021-11-17,3cpt/andgearbest,2,3,0,77,2,0,0,0,0,1,1,2,4,3
2021-11-17,3cpt/andler-github-webhook,1,0,0,112,2,0,0,0,0,0,1,4,1,1
2021-11-17,3cpt/andlogger,1,0,0,50,3,0,0,0,0,0,0,0,0,0
2021-11-17,3cpt/bookmark-plain-text,1,0,0,4,1,0,0,0,0,0,0,0,0,0
2021-11-17,3cpt/dotfiles,1,1,0,12,2,0,0,0,0,0,1,0,1,0
2021-11-17,3cpt/generic-host-sample,1,1,1,7,1,0,0,0,0,0,0,0,0,0
2021-11-17,3cpt/nexinho,1,0,0,39,1,0,0,0,0,1,0,0,2,0
2021-11-17,3cpt/open-shelter-app,0,0,0,12588,1,0,0,0,0,0,0,3,1,13
2021-11-17,3cpt/potato-state-machine,1,0,0,10,2,0,0,0,0,0,0,0,0,0
2021-11-17,3cpt/recorrente,1,5,2,235,1,1,1,3,2,0,1,0,2,0
2021-11-17,3cpt/tegtig,1,1,0,63,5,0,0,0,0,4,0,4,5,1
2021-11-17,3cpt/Testing-MassTransit-Courier,1,0,0,22,2,0,0,0,0,0,0,0,0,0
2021-11-18,3cpt/3cpt,1,0,0,6,2,0,0,43,1,0,0,0,0,0
2021-11-18,3cpt/3cpt.github.io,1,0,0,33,2,0,0,0,0,0,0,0,0,0
2021-11-18,3cpt/AndBotBlogger,1,0,0,469,2,0,0,0,0,0,0,0,0,0
2021-11-18,3cpt/andgearbest,2,3,0,77,2,0,0,0,0,1,1,2,4,3
2021-11-18,3cpt/andler-github-webhook,1,0,0,112,2,0,0,0,0,0,1,4,1,1
2021-11-18,3cpt/andlogger,1,0,0,50,3,0,0,0,0,0,0,0,0,0
2021-11-18,3cpt/bookmark-plain-text,1,0,0,4,1,0,0,0,0,0,0,0,0,0
2021-11-18,3cpt/dotfiles,1,1,0,12,2,0,0,0,0,0,1,0,1,0
2021-11-18,3cpt/generic-host-sample,1,1,1,7,1,0,0,0,0,0,0,0,0,0
2021-11-18,3cpt/nexinho,1,0,0,39,1,0,0,0,0,1,0,0,2,0
2021-11-18,3cpt/open-shelter-app,0,0,0,12588,1,0,0,0,0,0,0,3,1,13
2021-11-18,3cpt/potato-state-machine,1,0,0,10,2,0,0,0,0,0,0,0,0,0
2021-11-18,3cpt/recorrente,1,5,2,237,1,0,0,3,2,0,1,0,2,0
2021-11-18,3cpt/tegtig,1,1,0,63,5,0,0,0,0,4,0,4,5,1
2021-11-18,3cpt/Testing-MassTransit-Courier,1,0,0,22,2,0,0,0,0,0,0,0,0,0
2021-11-19,3cpt/3cpt,1,0,0,6,2,0,0,43,1,0,0,0,0,0
2021-11-19,3cpt/3cpt.github.io,1,0,0,33,2,0,0,0,0,0,0,0,0,0
2021-11-19,3cpt/AndBotBlogger,1,0,0,469,2,0,0,0,0,0,0,0,0,0
2021-11-19,3cpt/andgearbest,2,3,0,77,2,0,0,0,0,1,1,2,4,3
2021-11-19,3cpt/andler-github-webhook,1,0,0,112,2,0,0,0,0,0,1,4,1,1
2021-11-19,3cpt/andlogger,1,0,0,50,3,0,0,0,0,0,0,0,0,0
2021-11-19,3cpt/bookmark-plain-text,1,0,0,4,1,0,0,0,0,0,0,0,0,0
2021-11-19,3cpt/dotfiles,1,1,0,12,2,0,0,0,0,0,1,0,1,0
2021-11-19,3cpt/generic-host-sample,1,1,1,7,1,0,0,0,0,0,0,0,0,0
2021-11-19,3cpt/nexinho,1,0,0,39,1,0,0,0,0,1,0,0,2,0
2021-11-19,3cpt/open-shelter-app,0,0,0,12588,1,0,0,0,0,0,0,3,1,13
2021-11-19,3cpt/potato-state-machine,1,0,0,10,2,0,0,0,0,0,0,0,0,0
2021-11-19,3cpt/recorrente,1,5,2,243,1,1,1,4,3,0,1,0,2,0
2021-11-19,3cpt/tegtig,1,1,0,63,5,0,0,0,0,4,0,4,5,1
2021-11-19,3cpt/Testing-MassTransit-Courier,1,0,0,22,2,0,0,0,0,0,0,0,0,0
2021-11-20,3cpt/3cpt,1,0,0,6,2,0,0,43,1,0,0,0,0,0
2021-11-20,3cpt/3cpt.github.io,1,0,0,33,2,0,0,0,0,0,0,0,0,0
2021-11-20,3cpt/AndBotBlogger,1,0,0,469,2,0,0,0,0,0,0,0,0,0
2021-11-20,3cpt/andgearbest,2,3,0,77,2,0,0,0,0,1,1,2,4,3
2021-11-20,3cpt/andler-github-webhook,1,0,0,112,2,0,0,0,0,0,1,4,1,1
2021-11-20,3cpt/andlogger,1,0,0,50,3,0,0,0,0,0,0,0,0,0
2021-11-20,3cpt/bookmark-plain-text,1,0,0,4,1,0,0,0,0,0,0,0,0,0
2021-11-20,3cpt/dotfiles,1,1,0,12,2,0,0,0,0,0,1,0,1,0
2021-11-20,3cpt/generic-host-sample,1,1,1,7,1,0,0,0,0,0,0,0,0,0
2021-11-20,3cpt/nexinho,1,0,0,39,1,0,0,0,0,1,0,0,2,0
2021-11-20,3cpt/open-shelter-app,0,0,0,12588,1,0,0,0,0,0,0,3,1,13
2021-11-20,3cpt/potato-state-machine,1,0,0,10,2,0,0,1,1,0,0,0,0,0
2021-11-20,3cpt/recorrente,1,5,2,246,1,0,0,3,2,0,1,0,2,0
2021-11-20,3cpt/tegtig,1,1,0,63,5,0,0,0,0,4,0,4,5,1
2021-11-20,3cpt/Testing-MassTransit-Courier,1,0,0,22,2,0,0,0,0,0,0,0,0,0
2021-11-21,3cpt/3cpt,1,0,0,6,2,0,0,43,1,0,0,0,0,0
2021-11-21,3cpt/3cpt.github.io,1,0,0,33,2,0,0,0,0,0,0,0,0,0
2021-11-21,3cpt/AndBotBlogger,1,0,0,469,2,0,0,0,0,0,0,0,0,0
2021-11-21,3cpt/andgearbest,2,3,0,77,2,0,0,0,0,1,1,2,4,3
2021-11-21,3cpt/andler-github-webhook,1,0,0,112,2,0,0,0,0,0,1,4,1,1
2021-11-21,3cpt/andlogger,1,0,0,50,3,0,0,0,0,0,0,0,0,0
2021-11-21,3cpt/bookmark-plain-text,1,0,0,4,1,0,0,0,0,0,0,0,0,0
2021-11-21,3cpt/dotfiles,1,1,0,12,2,0,0,0,0,0,1,0,1,0
2021-11-21,3cpt/generic-host-sample,1,1,1,7,1,0,0,0,0,0,0,0,0,0
2021-11-21,3cpt/nexinho,1,0,0,39,1,0,0,0,0,1,0,0,2,0
2021-11-21,3cpt/open-shelter-app,0,0,0,12588,1,0,0,0,0,0,0,3,1,13
2021-11-21,3cpt/potato-state-machine,1,0,0,10,2,0,0,0,0,0,0,0,0,0
2021-11-21,3cpt/recorrente,1,5,2,251,1,0,0,4,3,0,1,0,2,0
2021-11-21,3cpt/tegtig,1,1,0,63,5,0,0,0,0,4,0,4,5,1
2021-11-21,3cpt/Testing-MassTransit-Courier,1,0,0,22,2,0,0,0,0,0,0,0,0,0
2021-11-22,3cpt/3cpt,1,0,0,6,2,0,0,43,1,0,0,0,0,0
2021-11-22,3cpt/3cpt.github.io,1,0,0,33,2,0,0,0,0,0,0,0,0,0
2021-11-22,3cpt/AndBotBlogger,1,0,0,469,2,0,0,0,0,0,0,0,0,0
2021-11-22,3cpt/andgearbest,2,3,0,77,2,0,0,0,0,1,1,2,4,3
2021-11-22,3cpt/andler-github-webhook,1,0,0,112,2,0,0,0,0,0,1,4,1,1
2021-11-22,3cpt/andlogger,1,0,0,50,3,0,0,0,0,0,0,0,0,0
2021-11-22,3cpt/bookmark-plain-text,1,0,0,4,1,0,0,0,0,0,0,0,0,0
2021-11-22,3cpt/dotfiles,1,1,0,12,2,0,0,0,0,0,1,0,1,0
2021-11-22,3cpt/generic-host-sample,1,1,1,7,1,0,0,0,0,0,0,0,0,0
2021-11-22,3cpt/nexinho,1,0,0,39,1,0,0,0,0,1,0,0,2,0
2021-11-22,3cpt/open-shelter-app,0,0,0,12588,1,0,0,1,1,0,0,3,1,13
2021-11-22,3cpt/potato-state-machine,1,0,0,10,2,0,0,0,0,0,0,0,0,0
2021-11-22,3cpt/recorrente,1,5,2,254,1,1,1,4,3,0,1,0,2,0
2021-11-22,3cpt/tegtig,1,1,0,63,5,0,0,0,0,4,0,4,5,1
2021-11-22,3cpt/Testing-MassTransit-Courier,1,0,0,22,2,0,0,0,0,0,0,0,0,0
2021-11-23,3cpt/3cpt,1,0,0,6,2,0,0,43,1,0,0,0,0,0
2021-11-23,3cpt/3cpt.github.io,1,0,0,33,2,3,1,0,0,0,0,0,0,0
2021-11-23,3cpt/AndBotBlogger,1,0,0,469,2,0,0,0,0,0,0,0,0,0
2021-11-23,3cpt/andgearbest,2,3,0,77,2,0,0,0,0,1,1,2,4,3
2021-11-23,3cpt/andler-github-webhook,1,0,0,112,2,0,0,0,0,0,1,4,1,1
2021-11-23,3cpt/andlogger,1,0,0,50,3,0,0,0,0,0,0,0,0,0
2021-11-23,3cpt/bookmark-plain-text,1,0,0,4,1,0,0,0,0,0,0,0,0,0
2021-11-23,3cpt/dotfiles,1,1,0,12,2,0,0,0,0,0,1,0,1,0
2021-11-23,3cpt/generic-host-sample,1,1,1,7,1,0,0,0,0,0,0,0,0,0
2021-11-23,3cpt/nexinho,1,0,0,39,1,0,0,0,0,1,0,0,2,0
2021-11-23,3cpt/open-shelter-app,0,0,0,12588,1,0,0,0,0,0,0,3,1,13
2021-11-23,3cpt/potato-state-machine,1,0,0,10,2,0,0,0,0,0,0,0,0,0
2021-11-23,3cpt/recorrente,1,5,2,260,1,0,0,3,2,0,1,0,2,0
2021-11-23,3cpt/tegtig,1,1,0,63,5,0,0,0,0,4,0,4,5,1
2021-11-23,3cpt/Testing-MassTransit-Courier,1,0,0,22,2,0,0,0,0,0,0,0,0,0
2021-11-24,3cpt/3cpt,1,0,0,6,2,0,0,43,1,0,0,0,0,0
2021-11-24,3cpt/3cpt.github.io,1,0,0,33,2,0,0,0,0,0,0,0,0,0
2021-11-24,3cpt/AndBotBlogger,1,0,0,469,2,0,0,0,0,0,0,0,0,0
2021-11-24,3cpt/andgearbest,2,3,0,77,2,0,0,0,0,1,1,2,4,3
2021-11-24,3cpt/andler-github-webhook,1,0,0,112,2,0,0,0,0,0,1,4,1,1
2021-11-24,3cpt/andlogger,1,0,0,50,3,0,0,0,0,0,0,0,0,0
2021-11-24,3cpt/bookmark-plain-text,1,0,0,4,1,0,0,0,0,0,0,0,0,0
2021-11-24,3cpt/dotfiles,1,1,0,12,2,0,0,0,0,0,1,0,1,0
2021-11-24,3cpt/generic-host-sample,1,1,1,7,1,0,0,0,0,0,0,0,0,0
2021-11-24,3cpt/nexinho,1,0,0,39,1,0,0,0,0,1,0,0,2,0
2021-11-24,3cpt/open-shelter-app,0,0,0,12588,1,0,0,0,0,0,0,3,1,13
2021-11-24,3cpt/potato-state-machine,1,0,0,10,2,0,0,0,0,0,0,0,0,0
2021-11-24,3cpt/recorrente,1,5,2,263,1,0,0,4,3,0,1,0,2,0
2021-11-24,3cpt/tegtig,1,1,0,63,5,0,0,0,0,4,0,4,5,1
2021-11-24,3cpt/Testing-MassTransit-Courier,1,0,0,22,2,0,0,0,0,0,0,0,0,0
2021-11-25,3cpt/3cpt,1,0,0,6,2,0,0,44,2,0,0,0,0,0
2021-11-25,3cpt/3cpt.github.io,1,0,0,33,2,0,0,0,0,0,0,0,0,0
2021-11-25,3cpt/AndBotBlogger,1,0,0,469,2,0,0,0,0,0,0,0,0,0
2021-11-25,3cpt/andgearbest,2,3,0,77,2,0,0,0,0,1,1,2,4,3
2021-11-25,3cpt/andler-github-webhook,1,0,0,112,2,0,0,0,0,0,1,4,1,1
2021-11-25,3cpt/andlogger,1,0,0,50,3,0,0,0,0,0,0,0,0,0
2021-11-25,3cpt/bookmark-plain-text,1,0,0,4,1,0,0,0,0,0,0,0,0,0
2021-11-25,3cpt/dotfiles,1,1,0,12,2,0,0,0,0,0,1,0,1,0
2021-11-25,3cpt/generic-host-sample,1,1,1,7,1,0,0,0,0,0,0,0,0,0
2021-11-25,3cpt/nexinho,1,0,0,39,1,1,1,0,0,1,0,0,2,0
2021-11-25,3cpt/open-shelter-app,0,0,0,12588,1,0,0,0,0,0,0,3,1,13
2021-11-25,3cpt/potato-state-machine,1,0,0,10,2,0,0,0,0,0,0,0,0,0
2021-11-25,3cpt/recorrente,1,5,2,268,1,0,0,4,3,0,1,0,2,0
2021-11-25,3cpt/tegtig,1,1,0,63,5,0,0,1,1,4,0,4,5,1
2021-11-25,3cpt/Testing-MassTransit-Courier,1,0,0,22,2,0,0,0,0,0,0,0,0,0
2021-11-26,3cpt/3cpt,1,0,0,6,2,0,0,43,1,0,0,0,0,0
2021-11-26,3cpt/3cpt.github.io,1,0,0,33,2,0,0,0,0,0,0,0,0,0
2021-11-26,3cpt/AndBotBlogger,1,0,0,469,2,0,0,0,0,0,0,0,0,0
2021-11-26,3cpt/andgearbest,2,3,0,77,2,0,0,0,0,1,1,2,4,3
2021-11-26,3cpt/andler-github-webhook,1,0,0,112,2,0,0,0,0,0,1,4,1,1
2021-11-26,3cpt/andlogger,1,0,0,50,3,0,0,0,0,0,0,0,0,0
2021-11-26,3cpt/bookmark-plain-text,1,0,0,4,1,0,0,1,1,0,0,0,0,0
2021-11-26,3cpt/dotfiles,1,1,0,12,2,0,0,0,0,0,1,0,1,0
2021-11-26,3cpt/generic-host-sample,1,1,1,7,1,0,0,0,0,0,0,0,0,0
2021-11-26,3cpt/nexinho,1,0,0,39,1,0,0,0,0,1,0,0,2,0
2021-11-26,3cpt/open-shelter-app,0,0,0,12588,1,0,0,0,0,0,0,3,1,13
2021-11-26,3cpt/potato-state-machine,1,0,0,10,2,0,0,0,0,0,0,0,0,0
2021-11-26,3cpt/recorrente,1,5,2,271,1,0,0,6,4,0,1,0,2,0
2021-11-26,3cpt/tegtig,1,1,0,63,5,0,0,0,0,4,0,4,5,1
2021-11-26,3cpt/Testing-MassTransit-Courier,1,0,0,22,2,0,0,0,0,0,0,0,0,0
2021-11-27,3cpt/3cpt,1,0,0,6,2,0,0,37,1,0,0,0,0,0
2021-11-27,3cpt/3cpt.github.io,1,0,0,33,2,0,0,0,0,0,0,0,0,0
2021-11-27,3cpt/AndBotBlogger,1,0,0,469,2,0,0,0,0,0,0,0,0,0
2021-11-27,3cpt/andgearbest,2,3,0,77,2,0,0,0,0,1,1,2,4,3
2021-11-27,3cpt/andler-github-webhook,1,0,0,112,2,0,0,0,0,0,1,4,1,1
2021-11-27,3cpt/andlogger,1,0,0,50,3,0,0,0,0,0,0,0,0,0
2021-11-27,3cpt/bookmark-plain-text,1,0,0,4,1,0,0,0,0,0,0,0,0,0
2021-11-27,3cpt/dotfiles,1,1,0,12,2,0,0,0,0,0,1,0,1,0
2021-11-27,3cpt/generic-host-sample,1,1,1,7,1,0,0,0,0,0,0,0,0,0
2021-11-27,3cpt/nexinho,1,0,0,39,1,0,0,0,0,1,0,0,2,0
2021-11-27,3cpt/open-shelter-app,0,0,0,12588,1,0,0,0,0,0,0,3,1,13
2021-11-27,3cpt/potato-state-machine,1,0,0,10,2,0,0,0,0,0,0,0,0,0
2021-11-27,3cpt/recorrente,1,5,2,277,1,0,0,5,4,0,1,0,2,0
2021-11-27,3cpt/tegtig,1,1,0,63,5,0,0,0,0,4,0,4,5,1
2021-11-27,3cpt/Testing-MassTransit-Courier,1,0,0,22,2,0,0,0,0,0,0,0,0,0
2021-11-28,3cpt/3cpt,1,0,0,6,2,0,0,42,1,0,0,0,0,0
2021-11-28,3cpt/3cpt.github.io,1,0,0,33,2,0,0,0,0,0,0,0,0,0
2021-11-28,3cpt/AndBotBlogger,1,0,0,469,2,0,0,0,0,0,0,0,0,0
2021-11-28,3cpt/andgearbest,2,3,0,77,2,0,0,0,0,1,1,2,4,3
2021-11-28,3cpt/andler-github-webhook,1,0,0,112,2,0,0,0,0,0,1,4,1,1
2021-11-28,3cpt/andlogger,1,0,0,50,3,0,0,0,0,0,0,0,0,0
2021-11-28,3cpt/bookmark-plain-text,1,0,0,4,1,0,0,1,1,0,0,0,0,0
2021-11-28,3cpt/dotfiles,1,1,0,12,2,0,0,0,0,0,1,0,1,0
2021-11-28,3cpt/generic-host-sample,1,1,1,7,1,0,0,0,0,0,0,0,0,0
2021-11-28,3cpt/nexinho,1,0,0,39,1,8,1,0,0,1,0,0,2,0
2021-11-28,3cpt/open-shelter-app,0,0,0,12588,1,0,0,0,0,0,0,3,1,13
2021-11-28,3cpt/potato-state-machine,1,0,0,10,2,0,0,0,0,0,0,0,0,0
2021-11-28,3cpt/recorrente,1,5,2,280,1,0,0,2,2,0,1,0,2,0
2021-11-28,3cpt/tegtig,1,1,0,63,5,0,0,0,0,4,0,4,5,1
2021-11-28,3cpt/Testing-MassTransit-Courier,1,0,0,22,2,0,0,0,0,0,0,0,0,0
2021-11-29,3cpt/3cpt,1,0,0,6,2,0,0,43,1,0,0,0,0,0
2021-11-29,3cpt/3cpt.github.io,1,0,0,33,2,0,0,0,0,0,0,0,0,0
2021-11-29,3cpt/AndBotBlogger,1,0,0,469,2,2,1,0,0,0,0,0,0,0
2021-11-29,3cpt/andgearbest,2,3,0,77,2,0,0,0,0,1,1,2,4,3
2021-11-29,3cpt/andler-github-webhook,1,0,0,112,2,0,0,0,0,0,1,4,1,1
2021-11-29,3cpt/andlogger,1,0,0,50,3,0,0,0,0,0,0,0,0,0
2021-11-29,3cpt/bookmark-plain-text,1,0,0,4,1,0,0,0,0,0,0,0,0,0
2021-11-29,3cpt/dotfiles,1,1,0,12,2,0,0,0,0,0,1,0,1,0
2021-11-29,3cpt/generic-host-sample,1,1,1,7,1,0,0,0,0,0,0,0,0,0
2021-11-29,3cpt/nexinho,1,0,0,39,1,2,1,0,0,1,0,0,2,0
2021-11-29,3cpt/open-shelter-app,0,0,0,12588,1,0,0,0,0,0,0,3,1,13
2021-11-29,3cpt/potato-state-machine,1,0,0,10,2,0,0,0,0,0,0,0,0,0
2021-11-29,3cpt/recorrente,1,5,2,286,1,0,0,1,1,0,1,0,2,0
2021-11-29,3cpt/tegtig,1,1,0,63,5,0,0,0,0,4,0,4,5,1
2021-11-29,3cpt/Testing-MassTransit-Courier,1,0,0,22,2,0,0,0,0,0,0,0,0,0
2021-11-30,3cpt/3cpt,1,0,0,6,2,0,0,44,1,0,0,0,0,0
2021-11-30,3cpt/3cpt.github.io,1,0,0,33,2,0,0,0,0,0,0,0,0,0
2021-11-30,3cpt/AndBotBlogger,1,0,0,469,2,0,0,0,0,0,0,0,0,0
2021-11-30,3cpt/andgearbest,2,3,0,77,2,0,0,0,0,1,1,2,4,3
2021-11-30,3cpt/andler-github-webhook,1,0,0,112,2,0,0,0,0,0,1,4,1,1
2021-11-30,3cpt/andlogger,1,0,0,50,3,0,0,0,0,0,0,0,0,0
2021-11-30,3cpt/bookmark-plain-text,1,0,0,4,1,0,0,0,0,0,0,0,0,0
2021-11-30,3cpt/dotfiles,1,1,0,12,2,0,0,0,0,0,1,0,1,0
2021-11-30,3cpt/generic-host-sample,1,1,1,7,1,0,0,0,0,0,0,0,0,0
2021-11-30,3cpt/nexinho,1,0,0,39,1,0,0,0,0,1,0,0,2,0
2021-11-30,3cpt/open-shelter-app,0,0,0,12588,1,0,0,0,0,0,0,3,1,13
2021-11-30,3cpt/potato-state-machine,1,0,0,10,2,0,0,0,0,0,0,0,0,0
2021-11-30,3cpt/recorrente,1,5,2,289,1,0,0,1,1,0,1,0,2,0
2021-11-30,3cpt/tegtig,1,1,0,63,5,0,0,0,0,4,0,4,5,1
2021-11-30,3cpt/Testing-MassTransit-Courier,1,0,0,22,2,0,0,0,0,0,0,0,0,0
